@classification: Mataco-Guaicuru,Mataco
@ids-name: Nivaclé_Phonemic
@iso: cag
@language: Nivaclé
@size: 1532
@source: ids
@variety: std
1.1	world	naɬu
1.21	earth, land	naɬu
1.21	earth, land	koc̷xaʔt
1.212	earth=ground, soil	koc̷xaʔt
1.213	dust	kˀim
1.213	dust	kˀok
1.214	mud	ayisxan
1.215	sand	xosɔx
1.22	mountain, hill	uteyuk
1.222	cliff, precipice	tčimčˀe
1.23	plain, field	ɔyak
1.24	valley	tčimčˀe
1.26	mainland	koc̷xaʔt
1.27	shore	ɬtako
1.28	cave	tinxokeʔ
1.31	water	inɔʔt
1.32	sea	ɬkac̷ˀitowkoyc̷a
1.322	calm (of sea)	isin
1.323	rough (of sea)	usčˀe
1.324	foam	štutax
1.329	ocean	towkoyc̷a
1.33	lake	ɬkačiʔ
1.33	lake	fašayiš
1.34	gulf, bay	c̷itex
1.341	lagoon	wišini
1.35	wave	usčˀe
1.36	river, stream, brook	towɔk
1.36	river, stream, brook	ɬɔxɔyiš
1.37	spring, well	tˀic̷ec̷
1.38	swamp	towok
1.39	waterfall	tˀɔʔy
1.41	woods, forest	itˀa
1.42	tree (cf 08.600)	akxiyuk
1.43	wood	yeklɔʔ
1.44	stone, rock	utex
1.45	earthquake	na'yuʔyna'yuʔy'čˀe
1.51	sky	wɔʔs
1.52	sun	xunkuklaʔy
1.53	moon	xiweʔkla
1.54	star	katiʔs
1.55	lightning	tačin
1.56	thunder	kuukten
1.57	lightning (as striking)	fčinax
1.58	storm	tačat
1.58	storm	ɬawiʔm
1.59	rainbow	fasc̷ˀaklec̷
1.61	light (noun)	kxumxes
1.62	darkness	nikxumc̷exa
1.62	darkness	tuɬ
1.62	darkness	tuɬitax
1.63	shade, shadow	xpik
1.64	dew	yiyaʔs
1.71	air	yaɬ
1.72	wind	ɬawiʔm
1.73	cloud	wɔseʔ
1.73	cloud	wɔsei
1.74	fog	šnakxay
1.75	rain (noun)	tčanu
1.76	snow (noun)	yekleše
1.77	ice	yekleši
1.81	fire	itɔx
1.82	flame (noun)	ɬčˀakleč
1.82	flame (noun)	tˀa
1.83	smoke (noun)	ɬaxut
1.84	ashes	šnomax
1.841	embers	fɔyxok
1.851	burn (vb trans)	xapˀaɬ
1.851	burn (vb trans)	xapxun
1.851	burn (vb trans)	xawutuyan
1.852	burn (vb intrans)	xayapˀaɬxan
1.852	burn (vb intrans)	yiwutun
1.86	light, kindle, ignite	ɬɔn
1.861	extinguish	amkat
1.861	extinguish	makxat
1.87	match (noun)	itɔtax
1.88	firewood	watkaxuy
1.89	charcoal	fayxoʔ
2.1	person, human being	niwakle
2.1	person, human being	ɬeč
2.1	person, human being	'waʔča
2.21	man (vs. woman)	niwakle
2.22	woman	niwakče
2.23	male	yic̷ˀux
2.24	female	ɔkxeklɔ
2.25	boy	nikxɔʔk
2.251	young man (adolescent)	nɔkteč
2.26	girl	naʔne
2.26	girl	nikxɔke
2.261	young woman (adolescent)	ɬuc̷xa
2.27	child	taɔklax
2.28	infant, baby	tanklax
2.31	husband	čˀakfa
2.32	wife	čˀakfa
2.33	marry	tčˀakfay
2.33	marry	txaʔyaʔi
2.34	marriage, wedding	watačˀakfayaš
2.341	divorce	watwɔʔm
2.35	father	tata
2.36	mother	mimi
2.37	parents	ftewot
2.38	married man	wakxaʔy
2.39	married woman	wakxayče
2.41	son	aɔs
2.42	daughter	ɔse
2.43	offspring (son or daughter)	kles
2.444	older brother	čeklaʔ
2.445	younger brother	onax
2.454	older sister	čitaʔ
2.455	younger sister	sunxa
2.458	twins	napuxi
2.46	grandfather	ktˀeʔč
2.461	old man	kˀuc̷aʔx
2.47	grandmother	ktˀe
2.471	old woman	kˀuc̷xaʔ
2.48	grandson	ntakšičˀa
2.48	grandson	nɔʔc̷ičˀa
2.49	granddaughter	ntakliščˀe
2.49	granddaughter	nɔc̷ˀɔxkee
2.51	uncle	txoʔk
2.511	mother's brother	txoʔk
2.512	father's brother	txoʔk
2.52	aunt	tˀox
2.521	mother's sister	tˀox
2.522	father's sister	tˀox
2.53	nephew	faklaʔ
2.54	niece	fakčeʔ
2.55	cousin	čˀiniš
2.55	cousin	čeklaʔ
2.56	ancestors	napipˀaɬak
2.57	descendants	napitɔɬšaʔm
2.61	father-in-law (of a man)	kaktˀeč
2.611	father-in-law (of a woman)	kaktˀeč
2.62	mother-in-law (of a man)	kaktˀe
2.621	mother-in-law (of a woman)	kaktˀe
2.63	son-in-law (of a man)	tɔmitaʔ
2.631	son-in-law (of a woman)	tɔmitaʔ
2.64	daughter-in-law (of a man)	tɔmteʔ
2.641	daughter-in-law (of a woman)	tɔmteʔ
2.71	stepfather	nxayɔsˀa
2.72	stepmother	nxayc̷oʔa
2.73	stepson	ac̷anač
2.74	stepdaughter	ac̷anče
2.75	orphan	ɔfteʔk
2.75	orphan	aftekle
2.76	widow	ɔsčˀakče
2.77	widower	ɔsčˀaklax
2.81	relatives, kinsmen	weɬawot
2.81	relatives, kinsmen	fteiwot
2.82	family	weɬawot
2.91	I	yi'waača
2.92	you (singular)	a'waača
2.93	he/she/it	ɬa'waača
2.94	we	kaswaača
2.941	we (inclusive)	kas'waača
2.942	we (exclusive)	yi'waačaeɬ
2.95	you (plural)	a'waačaeɬ
2.96	they	ɬawaača
3.11	animal	yakkisit
3.12	male (adj)	yic̷uʔx
3.13	female (adj)	ɔkxeklɔ
3.15	livestock	wataklɔy
3.16	pasture	itxatax
3.18	herdsman	ɬwoʔ
3.19	stable, stall	tašinšatasɬkˀɔʔwat
3.2	cattle (bovine)	k
3.21	bull	ɬaʔyanax
3.22	ox	namkˀeɬkɔnšiyis
3.24	calf	ɬaɔs
3.25	sheep	tašinšatax
3.26	ram	tašinšataxɬxaʔyanax
3.28	ewe	tašinšataxɔkxeklɔ
3.29	lamb	tašinšatax
3.32	boar	woxotax
3.32	boar	awokc̷ex
3.32	boar	xokonoxo
3.34	sow	woxotaxɔkxeklɔ
3.35	pig	woxotaxɔkxeklɔ
3.36	goat	tašinštayče
3.37	he-goat	tašinštayčeyic̷uʔx
3.38	kid	tašinštayčeɬaɔsyic̷uʔx
3.42	stallion	xaʔyanax
3.44	mare	ɔkxeklɔ
3.45	foal, colt	ɬaɔs
3.46	ass, donkey	tax
3.47	mule	makliko
3.5	fowl	ɔxɔklɔswataklɔy
3.52	cock, rooster	wotɔxɔxyic̷uʔx
3.54	hen	wotɔxɔx
3.55	chicken	wotɔxɔxɬɔs
3.56	goose	anotax
3.57	duck	ano
3.57	duck	xokxayex
3.57	duck	sɔʔyi
3.58	nest	ɬuʔp
3.581	bird	ɔxɔklɔ
3.583	heron	wɔsxɔs
3.584	eagle	wačwač
3.584	eagle	axtitˀa
3.584	eagle	towokɬawonɔx
3.585	hawk	šeyanɔx
3.585	hawk	c̷imaxatˀoʔt
3.586	vulture	kˀafok
3.591	bat	šeyɔ
3.591	bat	fakliʔs
3.592	parrot	ekle
3.593	crow	kˀafok
3.593	crow	stawuʔn
3.594	dove	ofo
3.594	dove	ofotax
3.594	dove	oftaʔ
3.596	owl	koʔmitax
3.596	owl	tokox
3.596	owl	sxec̷ič
3.596	owl	yuʔwayič
3.61	dog	nuʔu
3.614	rabbit	nanxate
3.614	rabbit	puta
3.62	cat	tanuk
3.63	mouse, rat	amʔa
3.63	mouse, rat	amʔatax
3.65	fish	saxeč
3.652	fin (dorsal)	ɬaf
3.653	fishscale	ɬnɔc̷ɔklɔy
3.653	fishscale	tˀɔxeče
3.654	gill	ɬnɔc̷ɔklɔy
3.655	shell	ɬeɬ
3.664	stingray	kˀiyeyki
3.665	freshwater eel	uc̷i
3.71	wolf	wawo
3.72	lion	xumpˀawaɬex
3.74	fox	yoʔnis
3.74	fox	kaxowonax
3.75	deer	tašinša
3.75	deer	ɔxtinaax
3.75	deer	tuxinax
3.76	monkey	klayxɔnɔxa
3.811	louse	ɬawoke
3.812	nit (louse egg)	ɬac̷ˀiče
3.813	flea	ɬaɬa
3.814	centipede	aɬuɬpɔsenxaway
3.815	scorpion	aɬuɬpɔsenxa'way
3.816	cockroach	šinwoʔɬawoke
3.817	ant	tukus
3.817	ant	tansi
3.817	ant	činči
3.818	spider	siwɔklɔk
3.819	spider web	siwɔklɔkɬayeeʔc̷
3.82	bee	šinwoʔɬawoʔ
3.82	bee	šinwoʔɬawoke
3.821	beeswax	yuus
3.821	beeswax	ɬsupˀax
3.822	beehive	šinwoʔ
3.822	beehive	šnakuwatax
3.823	wasp	c̷imaxa
3.83	fly	ɬafkatax
3.831	sandfly (midge), gnat	ɬafkatatax
3.831	sandfly (midge), gnat	ɬaʔc̷ˀiče
3.832	mosquito	yiyaʔ
3.84	worm	tinwoʔ
3.85	snake	tos
3.92	butterfly	wosok
3.93	grasshopper	xpanax
3.94	snail	ɬeɬ
3.94	snail	wintɔx
3.94	snail	klapˀi
3.95	frog	fiyɔ
3.95	frog	maʔ
3.95	frog	kaxoxo
3.95	frog	pˀec̷xat
3.96	lizard	kasposɔx
3.96	lizard	šinwuʔn
3.96	lizard	šniɬˀa
3.97	crocodile, alligator	aɬutax
3.98	turtle	čˀatˀa
3.98	turtle	woʔtˀi
4.11	body	sxaʔn
4.11	body	wuʔwat
4.12	skin, hide	ɔx
4.13	flesh	sxaʔn
4.14	hair (head)	yeʔs
4.14	hair (head)	saʔš
4.142	beard	pɔse
4.144	body hair	wosey
4.145	pubic hair	c̷ˀɔsey
4.146	dandruff	kˀufaʔx
4.15	blood	woyey
4.151	vein, artery	sɔʔt
4.16	bone	nuʔ
4.162	rib	wɬiʔ
4.17	horn	kˀuʔ
4.18	tail	kˀɔʔs
4.19	back	ɔyiʔš
4.191	spine	ɔyiʔšɬawnus
4.2	head	šatič
4.201	side of head, temple	yomyom
4.202	skull	ɔtɔx
4.203	brain	ašiɬɔx
4.204	face	tako
4.205	forehead	tako
4.207	jaw	kuʔ
4.208	cheek	kuʔ
4.209	chin	kaʔt
4.21	eye	tɔsex
4.212	eyebrow	tˀipaklɔ
4.213	eyelid	tɔsexɬapˀoʔt
4.214	eyelash	tɔc̷i
4.215	blink	c̷ipˀuf
4.22	ear	kfeʔ
4.221	earlobe	niʔtxɔ
4.222	earwax	ɬic̷ˀi
4.23	nose	naʔš
4.231	nostril	nšay
4.232	mucus (nasal)	nxatɔʔ
4.24	mouth	aši
4.241	beak	pɔset
4.25	lip	pɔset
4.26	tongue	čˀakleč
4.27	tooth	c̷ewte
4.271	gums	axusxan
4.272	molartooth	kunšinče
4.28	neck	woʔ
4.281	nape of neck	woʔ
4.29	throat	kɔyiš
4.3	shoulder	fatas
4.301	shoulderblade	fɔpɔke
4.302	collarbone	kawklɔ
4.31	arm	tuʔk
4.312	armpit	kxɔši
4.32	elbow	fkatoʔ
4.321	wrist	fakčeʔ
4.33	hand	pɔʔkɔt
4.331	palm of hand	pɔʔkɔt
4.34	finger	pasče
4.342	thumb	pasčeux
4.344	fingernail	pasčeɬapˀoʔt
4.345	claw	pɔʔkɔt
4.35	leg	kaklɔʔ
4.351	thigh	kɔxɔkc̷ini
4.352	calf of leg	kɔxɔc̷xan
4.36	knee	kxuʔs
4.37	foot	foʔ
4.371	ankle	finkayɔ
4.372	heel	pˀikˀo
4.374	footprint	foʔwaš
4.38	toe	fxux
4.392	wing	af
4.393	feather	af
4.4	chest	oʔt
4.41	breast (of woman)	axte
4.412	nipple, teat	axte
4.412	nipple, teat	kapɔset
4.42	udder	axte
4.43	navel	c̷ewxat
4.44	heart	ɬiʔwte
4.441	lung	kafof
4.45	liver	akɔxɬɔk
4.451	kidney	šanantiyɔ
4.46	stomach	kkˀapoʔ
4.461	intestines, guts	waʔk
4.462	waist	kaklɔʔkˀišam
4.463	hip	ako
4.464	buttocks	čˀitoʔ
4.47	womb	feɬčeyiš
4.49	testicle	kɔnši
4.492	penis	soʔ
4.51	breathe, breath	yaɬ
4.51	breathe, breath	tayaɬi
4.52	yawn, gape	tˀatˀoʔin
4.521	hiccough	takˀitim
4.53	cough	sašin
4.54	sneeze	tˀaʔkˀsin
4.55	perspire	wkuxun
4.56	spit	tˀačˀiy
4.57	vomit	tˀakuešaʔne
4.58	bite	xuʔx
4.59	lick	napˀu
4.59	lick	fin
4.591	dribble	kˀɔsxat
4.61	sleep	mɔʔ
4.612	snore	nxɔkat
4.62	dream	nxuxɔm
4.63	wake up	nxatˀoʔ
4.64	break wind	fuut
4.64	break wind	ftuɬ
4.65	urinate	uɬ
4.66	defecate	ɬɔʔm
4.66	defecate	samuk
4.67	have sexual intercourse	kaktin
4.68	shiver	c̷ˀaʔnaʔnanʔin
4.69	bathe	nay
4.71	beget (of father)	waklan
4.71	beget (of father)	tumxat
4.72	born (to be)	kawatˀax
4.72	born (to be)	nwatˀax
4.73	pregnant	tuma
4.732	conceive	waklanemši
4.74	live, living, life	manɬa
4.74	live, living, life	manɬaʔin
4.75	die, dead	waf
4.75	die, dead	nɔx
4.751	drowned	yaɬpˀo
4.76	kill	klɔn
4.77	corpse	pawaf
4.78	bury (the dead)	fos
4.78	bury (the dead)	tiʔškˀoya
4.79	grave, tomb	niwaɬeč
4.81	strong, mighty, powerful	tˀunʔin
4.81	strong, mighty, powerful	kontˀax
4.82	weak	nintˀunʔin
4.83	well, health	is
4.83	well, health	ɬawac̷xanxayaš
4.83	well, health	niaɔtexa
4.84	sick, sickness	aɔtex
4.84	sick, sickness	yaša
4.84	sick, sickness	tayašay
4.84	sick, sickness	wataʔyaša
4.841	fever	klɔxut
4.843	cold (catarrh)	tanxatɔy
4.843	cold (catarrh)	watfaʔmaʔt
4.85	wound, sore	woʔmat
4.852	bruise	woʔmat
4.853	swelling	ukaʔx
4.854	itch	sɔʔ
4.854	itch	ɔfc̷exʔin
4.855	blister	xoc̷eč
4.856	boil (noun)	nawayši
4.856	boil (noun)	wooyši
4.857	pus	ekkɔʔ
4.858	scar	pačewxoke
4.858	scar	woʔmat
4.86	cure, heal	feitac̷iyan
4.86	cure, heal	wac̷xankat
4.86	cure, heal	wac̷xan
4.87	physician	tɔyeʔx
4.88	medicine, drug	watkafetas
4.89	poison	yikawɔm
4.91	tired, weary	uɬɔx
4.912	rest	tˀičay
4.92	lazy	ninfitxɔy
4.92	lazy	oxeitaʔ
4.93	bald	klapˀaʔf
4.94	lame	ankoʔk
4.95	deaf	peeyčaɬɔx
4.96	mute	klišaklayeč
4.97	blind	takluʔk
4.98	intoxicated	ec̷xeyaš
4.98	intoxicated	yitɔkit
4.98	intoxicated	yec̷ex
4.99	naked, bare	c̷iʔšaʔan
4.99	naked, bare	kayayayiʔn
5.11	eat	tux
5.11	eat	tc̷akkun
5.11	eat	yɔʔxi
5.12	food	ɔk
5.12	food	wuun
5.121	cooked	yuʔxi
5.122	raw	pakˀɔʔfxi
5.122	raw	ninuʔxi
5.123	ripe	yiʔy
5.124	green, unripe	niyiʔya
5.125	rotten	ɬokxi
5.13	drink	yɔʔ
5.14	hunger	yipkuʔ
5.141	famine	yipkuʔ
5.15	thirst	winxayu
5.16	suck	finčˀe
5.16	suck	finšam
5.18	chew	xuʔxxane
5.18	chew	tɔn
5.181	swallow	tim
5.19	choke	ɔc̷ˀɔklu
5.21	cook	tatay
5.21	cook	kxon
5.22	boil (vb)	nawayyanši
5.23	roast, fry	axɔt
5.23	roast, fry	kaklɔɬ
5.24	bake	tayukuwey
5.25	oven	watyukuweši
5.26	pot, cooking vessel	tɔʔɬɔs
5.26	pot, cooking vessel	tkaklɔʔy
5.28	pan	kaklɔɬaʔwat
5.31	dish	tc̷akkunxatši
5.32	plate	yakutši
5.32	plate	titeč
5.33	bowl	titeč
5.34	pitcher, jug	nɔxke
5.35	cup, drinking vessel	yɔʔxatši
5.35	cup, drinking vessel	tˀiʔyɔʔxatši
5.37	spoon	kaʔtši
5.37	spoon	kɔyčˀaklanxat
5.38	knife	klesa
5.39	fork	ttsewteyče
5.41	meal (a)	ataš
5.41	meal (a)	watc̷akkunxayaš
5.46	peel	nxečeɬa
5.47	sieve, strain	tɔsčat
5.48	scrape	eklɔs
5.48	scrape	nɔxɔs
5.48	scrape	tˀeʔš
5.49	stir, mix	kšenxat
5.51	bread	yukuwe
5.53	dough	klimšikapˀoʔfxi
5.54	knead	ipxɔ
5.55	meal, flour	ɬamɔʔk
5.56	crush, grind	amkoyan
5.56	crush, grind	kfˀaš
5.58	mortar	feɬeč
5.59	pestle	xumkˀet
5.59	pestle	ɬkakaklɔʔ
5.61	meat	kˀasxan
5.63	sausage	woxotaxɬawaʔk
5.64	soup, broth	nawayex
5.65	vegetables	watkɔs
5.66	bean	kekleyče
5.7	potato	pexaya
5.71	fruit	aʔ
5.75	fig	awayekla
5.75	fig	oseykla
5.76	grape	ɔtxayetax
5.79	oil	ɬapeʔ
5.791	grease, fat	ɬapeʔnɔk
5.791	grease, fat	ɬɔtxei
5.81	salt	naʔpkutax
5.82	pepper	oyinče
5.821	chili pepper	oyinčetax
5.84	honey	akɔyeč
5.84	honey	šinwoʔ
5.84	honey	tˀuxaʔ
5.85	sugar	čˀiši
5.86	milk (noun)	c̷ˀoʔs
5.87	milk (vb)	nc̷ˀoc̷iɬa
5.88	cheese	wɔkɔɬc̷ˀoʔs
5.89	butter	ɬc̷ˀoʔs
5.9	beverage, drink	ɔʔt
5.91	mead	asxaʔn
5.91	mead	šinwonɔk
5.92	wine	ɔtxayetaxtˀiʔ
5.94	fermented drink	kumxɔ
5.97	egg	ɬšaykˀu
6.11	put on (clothes)	kˀuixat
6.12	clothing, clothes	siwɔklɔkɬayeʔč
6.12	clothing, clothes	watˀuixatšiyis
6.13	tailor	wankaaštiɬɬawoʔ
6.21	cloth	siwɔklɔkɬayeʔč
6.22	wool	saʔš
6.24	cotton	wɔkxɔkli
6.28	fur	ɔxeče
6.29	leather	ɔxeče
6.31	spin	ɔftiɬ
6.32	spindle	kɔftiɬinxate
6.33	weave	tiʔy
6.34	loom	wankatiʔyxat
6.35	sew	aštiɬ
6.35	sew	c̷epxaɬ
6.36	needle	wankaaštiɬxat
6.36	needle	kˀutxaʔn
6.37	awl	kˀiʔtxɔxanxat
6.37	awl	wankačetxɔyxat
6.38	thread	ɬiʔč
6.39	dye	uʔxam
6.41	cloak	kˀuiyuwo
6.411	poncho	wopowo
6.42	woman's dress	uixatši
6.43	coat	kˀuiyuwoke
6.44	shirt	watˀuyxatši
6.45	collar	woʔnuk
6.46	skirt	kaklɔyče
6.48	trousers	ɔsxatši
6.51	shoe	kfiʔy
6.51	shoe	xof
6.52	boot	kfiʔy
6.54	shoemaker, cobbler	nakfiyisɬawoʔ
6.55	hat, cap	ɔtxɔxi
6.55	hat, cap	čˀu
6.57	belt, girdle	nukfat
6.57	belt, girdle	tinɔx
6.61	pocket	kapoxoke
6.62	button	nuišam
6.71	ornament, adornment	klɔyxawo
6.73	ring (for finger)	pasčeši
6.74	bracelet	pɔʔklɔ
6.75	necklace	kɔyšinuk
6.75	necklace	kliʔminiɬ
6.76	bead	faklutaxtiniš
6.77	earring	c̷ačiklɔ
6.77	earring	štɔke
6.78	headband, headdress	šatčewo
6.78	headband, headdress	niwaklewo
6.79	tattoo	kaniskɔte
6.81	handkerchief, rag	nxatɔwo
6.82	towel	wɔmkɔxat
6.91	comb	tanklaɬxate
6.93	razor	pɔsevo
6.93	razor	sikˀistˀaxuiya
6.94	ointment	pˀaklanxawo
6.96	mirror	nowaɬxatši
7.11	dwell, live	c̷itenaxneʔ
7.12	house	xpɔyič
7.13	hut	xpɔyič
7.13	hut	xoʔxawat
7.13	hut	wataxpekleʔwat
7.131	garden-house	xpekleʔwat
7.131	garden-house	kɔxiyanxawat
7.14	tent	tšˀnuwo
7.15	yard, court	klɔyɔyeʔ
7.17	cookhouse	tataʔwat
7.18	meeting house	xpɔyiččitaiʔeʔakfi
7.21	room	kˀɔʔwat
7.22	door, gate	kaši
7.221	doorpost, jamb	ašiwoke
7.23	lock (noun)	kˀuyxate
7.231	latch, door-bolt	waničawaš
7.25	window	watowaɬxaʔwat
7.26	floor	uteniɬ
7.27	wall	xpɔyic̷ɬawɔʔx
7.31	fireplace	itɔwat
7.32	stove	yukuwesi
7.33	chimney	feɬeč
7.37	ladder	watawɔʔt
7.42	bed	watmɔʔxawat
7.421	pillow	ɔʔsiwat
7.422	blanket	feitɔyaniɬ
7.422	blanket	usčˀe
7.43	chair	ɔwxawat
7.43	chair	kˀowat
7.44	table	tc̷akkunxate
7.44	table	tc̷akkunxawat
7.45	lamp, torch	itɔtax
7.46	candle	itɔtax
7.47	shelf	lawɔxˀenawatowaɬxatši
7.48	trough	wankaklešxatši
7.51	roof	ɔtɔx
7.52	thatch	xpeklewat
7.53	ridgepole	xiyaseč
7.54	rafter	tˀoy
7.55	beam	waničawaš
7.56	post, pole	xpɔyčite
7.61	mason	xpɔyičɬawoʔ
7.62	brick	kooc̷xatis
7.63	mortar	utexɬamɔʔk
7.64	adobe	ayisxan
7.64	adobe	koc̷xaʔt
8.11	farmer	ɔyakɬawoʔ
8.11	farmer	tawašayɬawoʔ
8.12	field (for cultivation)	kɔxiyanxaʔwat
8.12	field (for cultivation)	watkɔkˀɔʔwat
8.13	garden	kɔxiyanxaʔwat
8.15	cultivate, till	tkɔxiyanxan
8.15	cultivate, till	tklɔc̷xan
8.16	fence	ašklɔfeč
8.17	ditch	watɔyinač
8.21	plow	kuwɔyuɬawxoʔk
8.22	dig	tiʔš
8.23	spade	xokitax
8.24	shovel	xokitax
8.25	hoe	xokitaxtanxuyšičam
8.26	fork	tayčiši
8.26	fork	tc̷ewtečˀe
8.27	rake	c̷ˀamtax
8.31	sow	kɔxiyan
8.31	sow	uʔ
8.311	seed	tɔsex
8.311	seed	katɔsxey
8.32	mow, reap	neʔkfat
8.33	sickle, scythe	klesatax
8.34	thresh	ntɔsxiɬa
8.34	thresh	pɔta
8.35	threshing-floor	ntɔsxiɬaxaʔwat
8.35	threshing-floor	npɔtaxaʔwat
8.41	crop, harvest	kawkaɬeč
8.41	crop, harvest	čexe
8.42	grain (barley, oats etc)	ɬtɔsex
8.43	wheat	klimšiɬkaklɔy
8.43	wheat	klimšiɬtɔsxey
8.47	maize, corn	niklɔʔc̷ič
8.51	grass	tˀaklɔʔk
8.51	grass	itxatax
8.53	plant (noun)	kɔxiyanač
8.53	plant (noun)	watkɔs
8.531	plant (vb)	kɔxiyan
8.54	root	ɬfetas
8.55	branch	ɬɔse
8.55	branch	tˀoyča
8.55	branch	tɔɬeʔx
8.56	leaf	ɬsaʔš
8.57	flower	ɬɔwo
8.6	tree	aʔkxutayuk
8.6	tree	aʔkxiyuk
8.67	vine	ɔtxayetayuk
8.68	tobacco	finɔk
8.69	smoke (tobacco)	ɬɔnši
8.69	smoke (tobacco)	wankaɬɔn
8.691	pipe	finkɔxi
8.72	tree stump	tac̷unxa
8.72	tree stump	tɔc̷inxa
8.73	tree trunk	tac̷uk
8.74	forked branch	xpɔyčite
8.74	forked branch	taičiši
8.75	bark	ɔxeče
8.76	sap	iiy
8.81	palm tree	fc̷uʔk
8.83	citrus fruit	asakc̷etas
8.91	sweet potato	pexaya
8.92	tapioca, manioc, cassava	ɬawimxayuk
8.92	tapioca, manioc, cassava	nowok
8.92	tapioca, manioc, cassava	nuksič
8.93	gourd	noyan
8.931	pumpkin, squash	kˀasus
8.94	bamboo	siseyuk
8.941	sugar cane	finče
8.98	mushroom	štatax
9.11	do, make	snat
9.11	do, make	faniš
9.12	work	kum
9.12	work	kumxat
9.12	work	kumxayaš
9.14	bend	patakliyan
9.14	bend	xoʔfxofiyan
9.15	fold	nekes
9.15	fold	ačaxwaʔne
9.16	tie, bind	ɔkfaʔ
9.161	untie	nuku
9.19	rope, cord	niyɔk
9.19	rope, cord	wankˀɔkfaxat
9.192	knot (noun)	ɬxuʔ
9.192	knot (noun)	lawxuʔ
9.21	strike (hit, beat)	pɔkɔx
9.211	pound with fist	tɔxɔx
9.22	cut	tˀowos
9.221	cut down	kˀumax
9.221	cut down	tfašxan
9.222	chop, hew	faʔš
9.222	chop, hew	seʔx
9.223	stab	c̷efex
9.23	knife	klesa
9.24	scissors, shears	klesaɬkaklɔy
9.25	ax	namač
9.251	adze	namčatax
9.26	break	pɔkxet
9.261	broken	kˀasčˀe
9.261	broken	paxo
9.261	broken	pɔktex
9.27	split	kˀasat
9.28	tear	nc̷oʔx
9.28	tear	namat
9.29	flay, skin	ɔxeʔč
9.31	rub, wipe	eklɔs
9.32	stretch	piteyan
9.33	pull	nc̷oʔx
9.34	spread out	čˀan
9.341	hang up	c̷ak
9.342	press	nukˀaklax
9.343	squeeze, wring	kɔʔtˀat
9.343	squeeze, wring	ikxut
9.35	pour	ɔc̷i
9.36	wash	kleʔš
9.37	sweep	fkˀɔklaʔs
9.38	broom	fkˀɔklaʔsxate
9.422	tool	kumxawo
9.43	carpenter	yiklɔyɬawoʔ
9.44	build	snateš
9.44	build	faniš
9.44	build	faneš
9.46	bore	paxonat
9.46	bore	txuʔ
9.461	hollow out	kamamiyan
9.48	saw	c̷ewteyčˀe
9.56	glue	c̷ˀanač
9.6	smith, blacksmith	klesnɬiyɬawoke
9.64	gold	klesaniɬc̷ˀayɔʔxi
9.65	silver	klesaniɬklim
9.67	iron	klesaniɬ
9.71	potter	koʔc̷xatisɬawos
9.73	clay	koc̷xaatc̷ˀanači
9.75	weave, plait	tˀiy
9.76	basket	siseniɬ
9.771	rug	wopowo
9.78	netbag	sčaʔt
9.78	netbag	klisaʔ
9.79	fan (noun)	kaf
9.791	fan (vb)	kafiyan
9.88	paint (noun)	ninxat
9.89	paint (vb)	in
10.11	move	kˀuixat
10.12	turn over	nkɔčˀaklax
10.12	turn over	tatwaičɔklax
10.13	turn around	čˀiyapop
10.14	wind, wrap	klɔpxaɬ
10.14	wind, wrap	načax
10.16	drop (vb)	nɔt
10.16	drop (vb)	nat
10.16	drop (vb)	nɔtif
10.16	drop (vb)	ɔ̉txat
10.17	twist	tiʔɬ
10.17	twist	nuʔkaklax
10.17	twist	ničˀaklax
10.21	rise	wɔʔɬčišam
10.22	raise, lift	xanxatčišam
10.22	raise, lift	pɔyxatčišam
10.23	fall	at
10.23	fall	nkɔʔtšaʔne
10.24	drip	c̷opc̷opši
10.25	throw	uʔ
10.252	catch (ball)	tkumkˀe
10.26	shake	nảkxut
10.32	flow	tˀic̷xey
10.33	sink	yitšičam
10.34	float	yičʔapee
10.35	swim	ɔʔkapeʔ
10.35	swim	yičʔapee
10.351	dive	uy
10.351	dive	nuʔxam
10.352	splash	ɔc̷iapee
10.37	fly (vb)	fɔʔyɔ
10.38	blow	fuyu
10.41	creep, crawl	tˀafkɔs
10.412	kneel	akxac̷uyšičam
10.413	crouch	nuʔxane
10.42	slide, slip	klac̷ˀusxan
10.43	jump, leap	eklet
10.43	jump, leap	čˀaʔyaš
10.431	kick	tˀɔs
10.44	dance	tklɔʔy
10.45	walk	wakleč
10.45	walk	tˀɔs
10.451	limp	fanaʔnšiyan
10.451	limp	sayakšiyan
10.46	run	kumaʔx
10.47	go	ɔk
10.471	go up	wɔʔɬ
10.471	go up	ɔkkitšam
10.472	climb	wɔʔɬ
10.472	climb	wɔʔɬkˀoya
10.473	go down	ɔkšane
10.473	go down	ɔkšičam
10.474	go out	ɔkfačeʔ
10.48	come	nač
10.48	come	nam
10.481	come back	tpek
10.481	come back	pek
10.49	go away, depart	ɔk
10.491	disappear	wɔʔm
10.491	disappear	tay
10.51	flee	klɔt
10.52	follow	woʔkˀe
10.52	follow	xoʔkˀe
10.53	pursue	woʔkˀekˀoya
10.53	pursue	xoʔkˀekˀoya
10.55	reach, arrive	nam
10.55	reach, arrive	ɔfiis
10.55	reach, arrive	amey
10.56	approach	nač
10.57	enter	ui
10.61	carry (bear)	čaʔx
10.612	carry-in-hand	čaʔxkˀepɔkɔt
10.612	carry-in-hand	yičaʔšiɬpɔkɔt
10.613	carry-on-shoulder	tiɬɔʔx
10.614	carry-on-head	čaʔxkˀeɬšateč
10.62	bring	nčaʔx
10.62	bring	čaʔx
10.63	send	čen
10.64	lead (vb)	ɔʔyči
10.65	drive	toxon
10.65	drive	ɬawoʔeš
10.66	ride	tˀɔsʔapee
10.67	push, shove	tˀuʔ
10.71	road	nɔyiš
10.72	path	ɬuyiš
10.74	bridge	pˀoʔapeʔ
10.75	carriage, wagon, cart	tononotax
10.76	wheel	tononontaxɬafoʔ
10.78	yoke	wowo
10.81	ship	ɔxatši
10.83	boat	ɔxatši
10.831	canoe	watɔxatši
10.831	canoe	yikc̷uʔk
10.85	oar	kakčaxanxat
10.852	row (vb)	kčaʔ
10.86	rudder	kakčˀaxanxače
10.92	land (vb)	koc̷xaat
11.11	have	c̷ɔtˀax
11.12	own, possess	c̷ɔtˀax
11.13	take	amat
11.14	seize, grasp	tˀakum
11.15	hold	tˀakumkˀoya
11.15	hold	nčaʔxšaʔne
11.16	get, obtain	kaɔwxɔt
11.16	get, obtain	amapeʔ
11.17	keep, retain	sklan
11.17	keep, retain	uyit
11.18	thing	matas
11.21	give	xut
11.21	give	tis
11.22	give back	ačax
11.24	preserve, look after	sklan
11.25	save, rescue	oy
11.25	save, rescue	ɬxen
11.27	destroy	wɔmxat
11.28	harm, injure, damage	tešiyan
11.28	harm, injure, damage	kɔktiyan
11.31	seek, look for	woʔy
11.32	find	wan
11.32	find	nfom
11.33	lose	wɔʔm
11.34	release, let go	nate
11.44	coin	tinšanxa
11.51	rich	akɔxxiʔin
11.52	poor	tc̷ˀaklay
11.53	beggar	aɬxanax
11.54	avaricious, stingy	kˀac̷oʔ
11.54	avaricious, stingy	kuyex
11.61	lend	tiskˀoya
11.62	borrow	aʔɬ
11.63	owe	tpiʔɔy
11.64	debt	piʔɔ
11.65	pay (vb)	šayan
11.66	account, reckoning	tˀaxɔʔxxam
11.69	tax, tribute	payičˀeʔ
11.78	wages	šaʔxat
11.78	wages	c̷ˀɔʔt
11.79	earn	c̷ˀɔtxan
11.81	buy	tkašaʔya
11.82	sell	tkašaʔyeš
11.83	trade, barter	čenxuɬ
11.83	trade, barter	tkašayxan
11.84	merchant	kašaʔɬawoʔ
11.84	merchant	kašanax
11.85	market (place)	watkašaʔwat
11.86	store, shop	kašawat
11.87	price	šaʔ
11.88	dear (costly, expensive)	šaʔmac̷ex
11.88	dear (costly, expensive)	tˀunʔeʔ
11.89	cheap	šaʔmat
11.89	cheap	nintˀuneʔ
11.91	share (distribute)	kac̷ɔnxat
11.92	weigh	kaklekliyan
12.1	after	tɔʔyiʔšeʔ
12.1	after	nixooiɬac̷ˀe
12.11	place	tˀɔyišʔe
12.2	beside	ɬawɔxʔe
12.3	down, below	šičam
12.4	before	xuyišʔe
12.41	right (side)	tˀaxuyišʔe
12.5	inside, in	ɔkfi
12.5	inside, in	ɔkxi
12.6	outside	fačˀeʔ
12.7	under	ɔkfi
12.7	under	ɔkxi
12.8	up, above	čišam
12.8	up, above	apeʔ
12.11	place	kˀowat
12.12	put	an
12.13	sit	ɔʔwxaʔne
12.14	lie down	wate
12.14	lie down	xoʔxaʔne
12.15	stand	wac̷ewat
12.16	remain, stay	manɬa
12.17	remains, left overs	ɬčˀaɬuk
12.17	remains, left overs	ɬčˀɔɬaxat
12.21	collect, gather	tayxatwaʔne
12.212	pick up	ntˀɔʔ
12.213	pile up	aklapxu
12.22	join, unite	ayxatwane
12.23	separate	ayxatxop
12.23	separate	wenčat
12.232	divide	nukˀoya
12.232	divide	kˀas
12.232	divide	kɔc̷ɔn
12.24	open	nkˀaʔt
12.25	shut, close	pˀoʔ
12.25	shut, close	kˀuixatey
12.26	cover	wuʔy
12.26	cover	pˀoʔapee
12.27	hide, conceal	fiʔc̷
12.31	high	pitex
12.32	low	tukˀa
12.33	top	ɬsipis
12.35	end	ɬsipis
12.35	end	payɔxʔeʔ
12.352	pointed	tɔc̷ɔxši
12.353	edge	tako
12.36	side	ɬako
12.36	side	ɬawɔʔx
12.37	middle, center	kačiwat
12.41	right (side)	fayiš
12.42	left (side)	čˀamiyiš
12.43	near (adv)	šaɬa
12.44	far (adv)	tox
12.44	far (adv)	toxey
12.45	east	ɬumʔakfinuk
12.46	west	nuʔutčˀe
12.47	north	fčenax
12.48	south	fiʔyat
12.53	grow	tayčišam
12.54	measure	wɔʔx
12.55	large, big	ux
12.55	large, big	kaxu
12.56	small, little	tikˀin
12.57	long	pitex
12.58	tall	pitex
12.59	short	tukˀa
12.61	wide, broad	xukˀa
12.61	wide, broad	fkˀac̷ax
12.62	narrow	c̷uyčˀe
12.63	thick (in dimension)	uxkˀe
12.65	thin (in dimension)	ɬamis
12.65	thin (in dimension)	klasim
12.67	deep	apatox
12.68	shallow	apatoxkleʔ
12.73	straight	yic̷ɔtˀax
12.74	crooked	patakčˀe
12.74	crooked	kˀaklok
12.75	hook	nawan
12.76	corner	ɬako
12.76	corner	tˀafkatˀo
12.77	cross	waničawaščˀe
12.81	round	čama
12.82	circle	čama
12.83	sphere, ball	čamaši
12.85	hole	kamam
12.85	hole	tinwaʔš
12.85	hole	tinxɔkeʔ
12.85	hole	faɬeč
12.92	like, similar	xunašxuɬ
12.93	change	čen
12.93	change	woxatʔin
13.0	zero, nothing	ampa
13.1	one	weʔɬa
13.2	two	napuʔ
13.3	three	puʔxaʔna
13.4	four	yičatxuɬ
13.5	five	weʔɬanɔxeš
13.6	six	weʔɬayama
13.7	seven	napuyama
13.8	eight	puʔxaʔnayama
13.9	nine	yičatxuɬyama
13.10	ten	weʔɬanaxaʔam
13.10	ten	nɔxešče
13.107	count	c̷xuʔɬ
13.14	every, all	ɬakomʔa
13.14	every, all	ɬakawa
13.15	much, many	aklox
13.15	much, many	ux
13.15	much, many	c̷asɔ
13.16	more	peʔeɬ
13.16	more	naʔšeeš
13.17	little (quantity), few	tikˀin
13.17	little (quantity), few	napu
13.18	enough	taxuɬšam
13.18	enough	paʔa
13.181	some	napuʔ
13.19	multitude, crowd	aklox
13.19	multitude, crowd	c̷asɔ
13.21	full	tapoʔx
13.22	empty	yim
13.23	part, piece	tˀiya
13.24	half	pačam
13.24	half	ɬkačiwat
13.33	alone, only	weʔɬaʔe
13.34	first	ɬxuc̷aʔ
13.34	first	watxuc̷aʔ
13.34	first	yixuc̷xat
13.35	last	nixoʔyiɬa
13.36	second	napueyši
13.37	pair	napukˀe
13.38	two times	napuʔeš
13.42	third	tawayeɬčˀe
13.42	third	puʔxaʔnaʔe
13.44	three times	puxanaeš
13.44	three times	puʔnaʔnaʔeš
14.11	time	apɬuʔ
14.11	time	kˀapɬuʔ
14.12	age	yinkɔʔpeš
14.13	new	ničˀa
14.14	young	ničˀa
14.15	old	kˀuc̷aʔx
14.15	old	yikˀuc̷xan
14.16	early	klaʔfnaɬu
14.17	late	kawɔʔx
14.18	now	nɔkeeš
14.19	immediately	axɔp
14.19	immediately	tatša
14.21	swift, fast, quick	pɔc̷ex
14.21	swift, fast, quick	niši
14.22	slow	c̷ˀam
14.23	hasten, hurry	fanišeš
14.23	hasten, hurry	faklit
14.23	hasten, hurry	ayakčit
14.24	retard, delay	ɬuyan
14.25	begin, beginning	ɔyin
14.25	begin, beginning	tɔʔɬeššam
14.252	last, endure	ayačˀe
14.26	end (temporal)	yɔxʔe
14.27	finish	wakɬit
14.28	cease, stop	wɔʔmeš
14.28	cease, stop	ɔx
14.29	ready	tatamxaɬši
14.29	ready	wakaɬeš
14.31	always	inxɔt
14.31	always	tanan
14.31	always	yaxataš
14.32	often	weʔɬačˀe
14.32	often	akloxeš
14.33	sometimes	weʔɬeeš
14.331	soon	kum
14.331	soon	wiʔnša
14.331	soon	niši
14.332	long-time (for a)	kaxuʔ
14.332	long-time (for a)	kletče
14.332	long-time (for a)	kletc̷ˀoya
14.34	never	tanka
14.34	never	nic̷ˀaɔmeeš
14.35	again	šita
14.35	again	weʔɬeeškun
14.41	day	naɬu
14.42	night	tuɬ
14.43	dawn	waswasʔin
14.44	morning	ɬumʔaši
14.45	noon, midday	naɬkači
14.451	afternoon	nuʔut
14.46	evening	nuʔuteš
14.47	today	nɔkenaɬu
14.48	tomorrow	ɬumʔaši
14.481	day-after-tomorrow	c̷iʔpaɬumaʔši
14.49	yesterday	kanʔut
14.491	day-before-yesterday	c̷iʔxanʔut
14.53	clock, timepiece	xumkuklaʔytˀaxuya
14.62	Sunday	yameykˀoya
14.68	Saturday	nɔxeščˀe
14.71	month	xiweʔkla
14.73	year	yinkɔʔp
14.74	winter	kloʔp
14.75	spring	šnɔwɔp
14.76	summer	ɔnxayep
14.76	summer	yinkɔʔp
14.77	autumn	tisxuʔp
14.78	season	kˀapɬuʔ
15.21	smell (vb intrans)	nsičˀaʔ
15.21	smell (vb intrans)	nsičˀaxan
15.212	sniff	nsic̷ˀaʔ
15.22	smell (vb trans)	nsic̷ˀaʔ
15.25	fragrant, good smelling	fuʔx
15.25	fragrant, good smelling	nšimac̷ex
15.26	stinking, bad smelling	fuxkˀe
15.26	stinking, bad smelling	nšimat
15.26	stinking, bad smelling	tanšiʔ
15.26	stinking, bad smelling	yeklatši
15.31	taste	akɔn
15.35	sweet	kluʔf
15.36	salty	naʔpkutaxxi
15.36	salty	aɔtexši
15.37	bitter	tˀapɔʔy
15.37	bitter	c̷ˀiʔf
15.38	acid, sour	niway
15.39	brackish	tanšiʔ
15.39	brackish	yiklatši
15.39	brackish	nukatši
15.41	hear	peʔya
15.42	listen	tčˀan
15.44	sound, noise	tˀɔxɔx
15.45	loud	anetxɔy
15.45	loud	yiwtɔnaʔx
15.46	quiet, silence	šan
15.46	quiet, silence	kano
15.51	see	ʔwan
15.52	look, look at	owaɬ
15.52	look, look at	klɔwaɬ
15.55	show	nɔklit
15.56	shine	nɔkši
15.57	bright	kxumc̷ex
15.62	light (in color)	klaʔš
15.63	dark (in color)	c̷ˀayɔʔy
15.64	white	klim
15.65	black	yakut
15.66	red	yuk
15.67	blue	yaka
15.68	green	nipewayši
15.68	green	ɬetitˀaklɔk
15.69	yellow	koxiyax
15.71	touch	axay
15.712	pinch	otˀat
15.712	pinch	nifc̷ɔx
15.72	feel	ɔʔy
15.72	feel	yičawayčˀe
15.74	hard	tˀun
15.74	hard	c̷ˀuʔfxi
15.75	soft	nintˀun
15.75	soft	kaɬip
15.75	soft	klatˀeʔtši
15.76	rough	c̷axax
15.76	rough	c̷aʔc̷ačˀe
15.77	smooth	klatˀeʔ
15.77	smooth	kaɬip
15.77	smooth	klamamši
15.78	sharp	iklasši
15.78	sharp	akɔʔx
15.79	blunt, dull	niklasši
15.79	blunt, dull	tˀukxi
15.79	blunt, dull	nineklɔsši
15.81	heavy	kaklek
15.82	light (in weight)	xawɔʔ
15.83	wet, damp	takˀoʔp
15.83	wet, damp	yinɔʔtɬaxut
15.83	wet, damp	waʔai
15.84	dry	klaxɔx
15.85	hot	kusši
15.851	warm	kusšikleʔ
15.851	warm	kxopxi
15.86	cold	kˀuyši
15.86	cold	taxun
15.87	clean	is
15.87	clean	klayɔy
15.87	clean	isšiʔ
15.88	dirty, soiled	sas
15.88	dirty, soiled	sac̷ˀaʔs
15.88	dirty, soiled	šekley
15.89	wrinkled	c̷ˀiyɔ
15.89	wrinkled	c̷ˀiʔfšam
16.11	soul, spirit	sɔkˀɔklit
16.11	soul, spirit	šaykˀu
16.15	surprised, astonished	kˀimxat
16.15	surprised, astonished	tɔiyi
16.15	surprised, astonished	tampˀʔi
16.23	joyful, glad, happy	šamʔin
16.23	joyful, glad, happy	wc̷ˀɔʔ
16.23	joyful, glad, happy	kˀus
16.25	laugh	asčay
16.251	smile	ayʔin
16.26	play	tklɔʔy
16.27	love	en
16.27	love	swun
16.29	kiss	fin
16.3	embrace	ečepxaɬ
16.31	pain	aɔte
16.32	grief, sorrow, sadness	takši
16.33	anxiety, worry	čaypayaš
16.33	anxiety, worry	ɔyxayaš
16.34	regret, be sorry	ečˀet
16.34	regret, be sorry	ɔyče
16.35	pity	tc̷ˀaklayxayaš
16.37	cry, weep	ap
16.38	tear (noun)	tˀikle
16.39	groan	tˀasin
16.41	hate	kɔfači
16.41	hate	kɔnitši
16.42	anger	kɔfayaš
16.42	anger	kɔnta
16.42	anger	nuc̷xayaš
16.44	envy, jealousy	xukc̷in
16.45	shame (noun)	wapenxayaš
16.48	proud	kapunčayaš
16.51	dare	fiʔ
16.52	brave	fiʔ
16.53	fear, fright	xowayi
16.53	fear, fright	xoway
16.54	danger	patisuyxuɬ
16.62	desire, want	tašan
16.62	desire, want	kuʔ
16.622	choose	woʔyši
16.63	hope	sčiʔ
16.63	hope	kaklekla
16.65	faithful	ninatkakoxan
16.66	true	yixɔʔši
16.67	lie, tell lies	ɔʔɬxɔn
16.67	lie, tell lies	kuc̷ˀaax
16.68	deceit	kuc̷ˀaxi
16.69	forgive	wɔmxat
16.71	good	is
16.72	bad	sas
16.72	bad	nisa
16.73	right, correct	yiwoyeščˀe
16.74	wrong	niyiwoyeščˀe
16.76	fault	kˀamenxayaš
16.77	mistake, error	kuklɔnxayaš
16.77	mistake, error	ninwoʔyešče
16.78	blame	piʔɔ
16.78	blame	sasčˀe
16.79	praise	ɔklɔx
16.81	beautiful	ɬasnɔyič
16.82	ugly	sas
16.83	greedy	apeklɔy
16.84	clever	tɔyc̷ex
17.11	mind	ayčawaɬxayaš
17.13	think (= reflect)	ayčawaɬʔin
17.13	think (= reflect)	ɬeklɔxeš
17.14	think (= be of the opinion)	ɬeklɔx
17.15	believe	tˀuxan
17.15	believe	uʔ
17.16	understand	tɔykˀoya
17.17	know	tɔʔya
17.171	guess	ɔʔɬxɔn
17.172	imitate	xɔn
17.172	imitate	sanas
17.18	seem	tkaxunašxuɬ
17.19	idea, notion	ayčawaɬxayaš
17.21	wise	kɔxɔyšay
17.22	foolish, stupid	nikɔxɔyšay
17.23	insane, crazy	kɔʔčeyeč
17.24	learn	wantɔyit
17.24	learn	neyxac̷xan
17.242	study	wantɔyit
17.242	study	neyxac̷xan
17.25	teach	eyxac̷xan
17.26	pupil	eyxac̷xanač
17.27	teacher	wankˀeyxac̷xanɬawoʔ
17.28	school	wateyxac̷xanxawat
17.31	remember	tɔyixat
17.31	remember	woʔyeyɬkačiʔ
17.32	forget	tɔwaklu
17.32	forget	tawaklu
17.34	clear, plain	nɔʔkɬaa
17.35	obscure	nitɔyiš
17.35	obscure	ninwɔʔtɔʔya
17.36	secret	fiʔčši
17.36	secret	tˀastaʔy
17.37	sure, certain	kxam
17.37	sure, certain	yixɔʔ
17.38	explain	nɔʔkɬanit
17.41	intention, purpose	načanxayaš
17.42	cause	iyec̷es
17.42	cause	pantɔɬeʔxop
17.43	doubt	kako
17.44	suspect	ɬeklɔx
17.441	betray	fakxan
17.441	betray	nintɔyxat
17.45	need, necessity	suyeešši
17.45	need, necessity	suyeššiyan
17.46	easy	kˀɔʔɬa
17.47	difficult	taʔwiʔxatay
17.48	try, attempt	načan
17.48	try, attempt	kˀaɬtan
17.49	way, manner	xunaš
17.51	and	či
17.51	and	pa
17.51	and	xataxeš
17.52	because	eʔmti
17.52	because	ɬayaʔšti
17.53	if	ka
17.54	or	kataxeša
17.55	yes, affirmative	xeč
17.56	no, negative	am
17.61	how?	taɬxunaš
17.61	how?	eʔana
17.62	how many?	tatˀaxɔʔx
17.63	how much?	tatˀaxɔʔx
17.63	how much?	tatˀaxaʔx
17.64	what?	še
17.65	when?	tatˀeɬeš
17.66	where?	tayišiʔ
17.66	where?	pɔʔne
17.67	which?	šepa
17.68	who?	šepapu
17.69	why?	taɬayyaʔš
18.11	voice	ɔxɔx
18.11	voice	ɔnaš
18.12	sing	iši
18.12	sing	tˀeyšey
18.12	sing	tišxan
18.13	shout, cry out	tɔn
18.15	whisper	tasinɔyc̷ˀam
18.17	whistle	taxuklay
18.18	shriek, screech	sasčiʔin
18.21	speak, talk	tasinɔy
18.211	stutter, stammer	ampaya
18.22	say	tˀeš
18.221	tell story	čay
18.222	speech (make a)	tasinɔy
18.23	silent (be)	šan
18.23	silent (be)	nic̷ˀiʔseey
18.24	language	kliʔš
18.26	word	kliʔš
18.28	name	ey
18.31	ask (question, inquire)	niʔɔs
18.32	answer	kuʔɬ
18.33	admit, confess	uʔeš
18.33	admit, confess	tatfakl
18.34	deny	waʔntan
18.35	ask, request	tˀaʔɬ
18.36	promise	nfakl
18.37	refuse	xukc̷en
18.37	refuse	šiyan
18.38	forbid	kˀaklan
18.38	forbid	šiyan
18.38	forbid	niwašan
18.39	rebuke, scold	c̷ɔʔya
18.41	call (=summon)	tˀaʔɬxuɬ
18.42	call (=name)	teyyi
18.42	call (=name)	netɔn
18.43	announce	nfak
18.44	threaten	afxun
18.45	boast	klaf
18.45	boast	takuc̷ˀaxiyan
18.51	write	iʔs
18.52	read	etončˀe
18.56	paper	watkˀisxayanač
18.57	pen	wankˀisxat
18.61	book	watkˀisxayanač
18.71	flute	ɔnxanče
18.72	drum	ɬanɔʔ
18.72	drum	ɬanɔtax
18.73	horn, trumpet	ɔnxanc̷e
18.74	rattle	xɔxanxate
19.11	country	koc̷xatayiš
19.12	one's native country	c̷itenxayiš
19.15	city, town	uxʔeyic̷aʔt
19.16	village	yic̷aʔt
19.17	boundary	panyɔxˀeʔ
19.21	people (populace)	čifas
19.23	tribe, clan	yiweɬawot
19.24	chief, chieftain	anwakle
19.25	staff, walking stick	kˀuʔ
19.25	staff, walking stick	wkɔxat
19.31	rule, govern	yɔxi
19.31	rule, govern	ɬawoʔeš
19.32	king, ruler	ɬkaanwakle
19.33	queen	ɬkanačaiče
19.36	noble, nobleman	nitaɔklaxa
19.36	noble, nobleman	tančaʔnxay
19.37	citizen, subject	c̷itenax
19.41	master	kanwakle
19.41	master	wankˀeyxatsxan
19.42	slave	kawo
19.42	slave	ɬankumeet
19.43	servant	kakumxat
19.44	freeman	kanwaklea
19.45	command, order	yɔxixat
19.45	command, order	tančˀanxay
19.46	obey	u
19.46	obey	kˀišam
19.47	let, permit	kuɬxan
19.47	let, permit	wašan
19.51	friend, companion	kˀuc̷fa
19.51	friend, companion	xuixafa
19.51	friend, companion	enač
19.52	enemy	kɔfa
19.54	neighbor	taxuɬeč
19.55	stranger	niwakleyča
19.55	stranger	yaɬatɔɬši
19.56	guest	tfaykuteyeč
19.57	host	faykuc̷xanax
19.57	host	weɬinax
19.58	help, aid	efen
19.59	hinder, prevent	stanxat
19.59	hinder, prevent	faʔmatan
19.61	custom	key
19.61	custom	ɬanfunčay
19.62	strife, quarrel	tˀeklec̷xayaš
19.63	conspiracy, plot	ayčawaɬxayašxat
19.63	conspiracy, plot	waklematan
19.65	meet	taywane
19.72	prostitute	niwakčetaʔ
20.11	fight (vb)	klɔn
20.11	fight (vb)	šan
20.13	war, battle	fc̷uʔt
20.13	war, battle	watklɔnɔ
20.14	peace	isiseɬiʔn
20.15	army	kˀafokiɬayčat
20.17	soldier	kˀafokiɬay
20.21	weapons, arms	kˀuk
20.21	weapons, arms	taʔwitɔy
20.22	club	taxɔwoyšič
20.222	battle-ax	namač
20.23	sling	c̷ɔk
20.24	bow	kluc̷eš
20.25	arrow	c̷anuʔk
20.25	arrow	pˀok
20.26	spear	tapxeʔ
20.27	sword	klesatax
20.28	gun, cannon	taʔwitɔy
20.31	armor (defensive)	fiyxawte
20.35	fortress	fiyxat
20.41	victory	kawxoyaš
20.42	defeat	nkˀɔxɔ
20.42	defeat	xoyxayaš
20.43	attack	tˀeklettax
20.43	attack	tˀekleta
20.44	defend	šanapeʔ
20.45	retreat	klɔt
20.46	surrender	noyey
20.47	captive, prisoner	ɬankumeʔt
20.471	guard, sentinel	tuɬɬawoʔ
20.48	booty, spoils	kˀɔxɬaxat
20.48	booty, spoils	kuc̷xat
20.49	ambush	klɔwaɬ
20.51	fisherman	saxečɬawoʔ
20.51	fisherman	towokinuk
20.52	fishhook	kanasas
20.53	fishing line	niyɔk
20.54	fishnet	sčaʔt
20.55	fish trap	watsaʔs
20.56	bait	kaʔwun
20.61	hunt	woʔy
20.61	hunt	tkˀɔʔyte
20.62	shoot	tiyɔx
20.63	miss (target)	axut
20.63	miss (target)	akɔx
20.64	trap (noun)	kˀɔʔwte
20.65	trap (vb)	kɔxɔy
21.11	law	watyɔxixat
21.15	court	usɬkaanwakles
21.16	judge (vb)	tkaasklančayxan
21.17	judgment	tkaʔsklančayxayaš
21.18	judge (noun)	tkaasklančay
21.21	plaintiff	ɬeklɔxtaxax
21.21	plaintiff	panifakl
21.21	plaintiff	tfakxan
21.22	defendant	kafiyanax
21.22	defendant	pačitameneš
21.23	witness	wankˀeʔyxat
21.24	swear	eytɔnxop
21.25	oath	wateytɔnxop
21.31	accuse	nifakl
21.32	condemn	tawyixayʔin
21.32	condemn	taniwaɬčay
21.33	convict (vb)	tpiʔɔyxan
21.34	acquit	tpiʔɔɬayxan
21.35	guilty	naklɔyex
21.36	innocent	naɬex
21.37	penalty, punishment	nklɔyyic̷xano
21.38	fine	c̷xofxi
21.39	prison, jail	ɬankumeʔxawat
21.39	prison, jail	watɔkɔklɔxi
21.42	murder	klɔnɔ
21.42	murder	wankaklɔnxanax
21.43	adultery	wankawɔmxayaš
21.44	rape	kˀɔxɔxat
21.44	rape	tkɔʔxɔxan
21.46	arson	wataɬeklaʔy
21.46	arson	watɬɔnoklaʔy
21.47	perjury	kuc̷ˀaxiklaʔy
21.51	steal	tˀakut
21.52	thief	kuc̷xanax
