@classification: Carib,Northern,Galibi
@iso: car
@language: Carib
@size: 1144
@source: wold
@variety: std
1.1	world	nono
1.21	earth, land	nono
1.212	earth=ground, soil	nono
1.213	dust	ekɨine
1.214	mud	akulu
1.215	sand	sakau
1.22	mountain, hill	wɨpɨ
1.222	cliff, precipice	ankena
1.25	island	pa’u
1.26	mainland	pa’u
1.27	shore	pe'a
1.28	cave	a’talɨ
1.31	water	tuna
1.32	sea	palana
1.322	calm (of sea)	itɨme
1.323	rough (of sea)	palipe
1.324	foam	akepun
1.329	ocean	palana
1.33	lake	itupalɨ
1.34	gulf, bay	ame’talɨ
1.341	lagoon	elalɨ
1.342	reef	apotɨlɨ
1.35	wave	imukululu
1.352	tide	kunu
1.353	lowtide	pama
1.354	hightide	kuma
1.36	river, stream, brook	ilo’ne
1.362	whirlpool	imamu
1.37	spring, well	topona
1.38	swamp	pilipili
1.39	waterfall	tunaisolɨ
1.41	woods, forest	itulu
1.43	wood	wewe
1.44	stone, rock	topu
1.45	earthquake	tɨtɨtɨ
1.51	sky	kapu
1.52	sun	weyu
1.54	star	siliko
1.55	lightning	kapekape
1.56	thunder	konomelu
1.58	storm	konomelu
1.59	rainbow	palamu
1.61	light (noun)	awei
1.62	darkness	ewalumɨ
1.63	shade, shadow	akalɨ
1.64	dew	sitakun
1.72	wind	pepeito
1.73	cloud	kapulutu
1.74	fog	kamelita
1.75	rain (noun)	konopo
1.81	fire	wa'to
1.82	flame (noun)	kamu
1.83	smoke (noun)	ekɨine
1.84	ashes	welunopo
1.841	embers	wa'topo
1.851	burn (vb trans)	kolo'ka
1.852	burn (vb intrans)	kolo'tɨ
1.86	light, kindle, ignite	pomaka
1.861	extinguish	ewuka
1.87	match (noun)	suwapulu
1.88	firewood	kunapolan
1.88	firewood	mulei
1.89	charcoal	wa'topo
2.21	man (vs. woman)	wokɨlɨ
2.22	woman	wolɨi
2.23	male	wokɨlɨ
2.24	female	wolɨi
2.25	boy	mɨlekoko
2.251	young man (adolescent)	pɨito
2.26	girl	amɨiyako
2.261	young woman (adolescent)	wolɨi
2.27	child	pitani
2.28	infant, baby	pitanimenpo
2.31	husband	ïino
2.32	wife	pɨtɨ
2.33	marry	ainaapɨiyɨ
2.33	marry	pɨta
2.341	divorce	nonta
2.35	father	yumɨ
2.36	mother	sano
2.38	married man	tɨpɨken
2.39	married woman	tɨinonen
2.41	son	ɨ’me
2.42	daughter	emɨiyɨ
2.43	offspring (son or daughter)	ɨ’me
2.444	older brother	ɨlɨi
2.445	younger brother	pilɨ
2.45	sister	enautɨ
2.454	older sister	pailɨ
2.455	younger sister	pitɨ
2.458	twins	asemonosi
2.46	grandfather	tamulu
2.461	old man	tampoko
2.47	grandmother	notɨ
2.471	old woman	nopoko
2.48	grandson	palɨ
2.49	granddaughter	palɨ
2.511	mother's brother	ka’topo
2.521	mother's sister	sano
2.522	father's sister	opi
2.56	ancestors	epɨ
2.61	father-in-law (of a man)	ɨmetamulu
2.611	father-in-law (of a woman)	ɨmetamulu
2.62	mother-in-law (of a man)	ɨmenotɨ
2.63	son-in-law (of a man)	palɨmi
2.631	son-in-law (of a woman)	palɨmi
2.64	daughter-in-law (of a man)	palɨsano
2.641	daughter-in-law (of a woman)	palɨsano
2.71	stepfather	yumɨntone
2.72	stepmother	sanotone
2.75	orphan	isanoma
2.75	orphan	iyumɨma
2.76	widow	pɨtɨnpo
2.77	widower	pɨtɨnpo
2.81	relatives, kinsmen	omolɨ
2.91	I	awu
2.92	you (singular)	amolo
2.93	he/she/it	mo’ko
2.93	he/she/it	molo
2.941	we (inclusive)	kɨ'ko
2.942	we (exclusive)	na'na
2.95	you (plural)	amoyalon
2.96	they	mokalon
3.11	animal	tonomɨ
3.12	male (adj)	wokɨlɨ
3.13	female (adj)	wolɨi
3.21	bull	pakawokɨlɨ
3.22	ox	paka
3.23	cow	paka
3.24	calf	pakamenpo
3.25	sheep	kapala
3.29	lamb	kapalamenpo
3.32	boar	pɨinko
3.35	pig	pɨiluku
3.36	goat	kapilita
3.38	kid	kapilitamenpo
3.41	horse (equine)	kawale
3.42	stallion	kawalewokɨlɨ
3.45	foal, colt	kawalemenpo
3.46	ass, donkey	paliko
3.5	fowl	kolotoko
3.52	cock, rooster	kolotoko
3.55	chicken	kolotokomenpo
3.56	goose	kuwakuwa
3.57	duck	opono
3.58	nest	aponɨ
3.581	bird	tonolo
3.581	bird	wasili
3.582	seagull	akawalu
3.582	seagull	wanawanali
3.583	heron	sawaku
3.583	heron	palanasau
3.583	heron	pisulu
3.584	eagle	apakani
3.585	hawk	akawa
3.585	hawk	kalakala
3.586	vulture	kulumɨ
3.586	vulture	anuwana
3.591	bat	lele
3.592	parrot	kulewako
3.592	parrot	kɨnolo
3.594	dove	akukuwa
3.594	dove	welusi
3.596	owl	ulukuleya
3.596	owl	ulutau
3.61	dog	pelo
3.62	cat	pusipusi
3.622	opossum	awale
3.63	mouse, rat	alata
3.65	fish	woto
3.65	fish	akupa
3.65	fish	pasisi
3.65	fish	watɨpa
3.65	fish	palika
3.652	fin (dorsal)	wotoapolɨ
3.653	fishscale	wotopipo
3.654	gill	mɨsalɨ
3.655	shell	kuwenpo
3.661	shark	aipayawa
3.662	porpoise, dolphin	ililikula
3.664	stingray	sipali
3.665	freshwater eel	pulake
3.74	fox	yoloko
3.75	deer	kusali
3.75	deer	kaliwaku
3.76	monkey	me’ku
3.76	monkey	alawata
3.76	monkey	kusili
3.811	louse	omɨ
3.812	nit (louse egg)	omɨɨmo
3.813	flea	kusipo
3.814	centipede	kumapepe
3.815	scorpion	sipilili
3.816	cockroach	alawe
3.817	ant	wenkosi
3.817	ant	yuku
3.817	ant	kumako
3.818	spider	moyowai
3.818	spider	alauli
3.819	spider web	moyowaietaweinɨ
3.82	bee	wano
3.821	beeswax	wanoweti
3.823	wasp	tapiyukan
3.83	fly	welewele
3.831	sandfly (midge), gnat	wayawaya
3.832	mosquito	kalapana
3.84	worm	mɨnsokoloi
3.85	snake	okoyu
3.85	snake	alawoi
3.85	snake	asakaimo
3.91	firefly	pɨyu
3.92	butterfly	palanpalan
3.93	grasshopper	kasapa
3.94	snail	kuwe
3.95	frog	pilitala
3.95	frog	kɨto
3.95	frog	kunawalu
3.95	frog	waleko
3.95	frog	wayoko
3.96	lizard	kankasapa
3.96	lizard	waima
3.97	crocodile, alligator	akale
3.98	turtle	wayamɨ
3.98	turtle	pɨnkoweya
3.98	turtle	alakaka
3.98	turtle	wayulupeta
3.98	turtle	katalu
3.98	turtle	kawana
4.11	body	yamɨn
4.12	skin, hide	pipo
4.13	flesh	punu
4.14	hair (head)	usetɨ
4.142	beard	etapositɨlɨ
4.144	body hair	ɨpotɨ
4.145	pubic hair	motɨ
4.146	dandruff	u'piyaki
4.15	blood	mɨnɨ
4.151	vein, artery	mitɨ
4.16	bone	yepo
4.162	rib	solopalɨ
4.17	horn	lemetɨlɨ
4.18	tail	antɨkɨlɨ
4.19	back	ɨnkanalɨ
4.191	spine	katupulu
4.2	head	upupo
4.201	side of head, temple	pasalɨ
4.202	skull	upupokuwaiyɨ
4.203	brain	u’sakɨlɨ
4.204	face	petalɨ
4.205	forehead	emepɨ
4.207	jaw	ekusalɨyepo
4.208	cheek	petalɨ
4.209	chin	ekusalɨ
4.21	eye	enulu
4.212	eyebrow	eme’sukulu
4.213	eyelid	enu’pipo
4.214	eyelash	epipotɨ
4.215	blink	episamɨ
4.22	ear	pana
4.221	earlobe	panasepelelɨ
4.222	earwax	panalɨwetɨ
4.23	nose	emolɨ
4.23	nose	enatalɨ
4.231	nostril	emolɨsakɨlalɨ
4.232	mucus (nasal)	enataaikulu
4.24	mouth	ɨntalɨ
4.241	beak	potɨlɨ
4.25	lip	esipilɨ
4.26	tongue	nulu
4.27	tooth	yelɨ
4.271	gums	yelɨaponɨ
4.272	molartooth	ye’tawai
4.28	neck	pɨmɨlɨ
4.281	nape of neck	asalɨ
4.29	throat	enasalɨ
4.3	shoulder	mo’talɨ
4.301	shoulderblade	inpa
4.302	collarbone	palasalɨ
4.31	arm	apolɨ
4.312	armpit	ewatalɨ
4.32	elbow	apolɨenalɨ
4.321	wrist	amekun
4.33	hand	ainalɨ
4.331	palm of hand	ainalalɨ
4.34	finger	ainasikɨlɨlɨ
4.342	thumb	ainayumɨ
4.344	fingernail	amosaitɨlɨ
4.345	claw	amosaitɨlɨ
4.35	leg	ɨsaiyɨ
4.351	thigh	petɨ
4.352	calf of leg	ɨsaipunu
4.36	knee	ekunalɨ
4.37	foot	pupulu
4.371	ankle	makalilɨ
4.372	heel	tapulu
4.374	footprint	wenapo
4.38	toe	pupusikɨlɨlɨ
4.392	wing	apolilɨ
4.393	feather	potï
4.4	chest	ɨpopulu
4.41	breast (of woman)	manatɨlɨ
4.412	nipple, teat	manatɨpotɨlɨ
4.43	navel	powetɨ
4.44	heart	tulupo
4.441	lung	sawonalɨ
4.45	liver	elelɨ
4.451	kidney	apɨ
4.452	spleen	yeta
4.46	stomach	uwenpo
4.461	intestines, guts	uwemposikilipo
4.462	waist	uwase
4.463	hip	ematalɨ
4.464	buttocks	wesen
4.47	womb	imone
4.49	testicle	emulu
4.492	penis	alokɨlɨ
4.51	breathe, breath	wotalemamɨ
4.52	yawn, gape	ɨntakapa
4.521	hiccough	sɨkɨwa
4.53	cough	selewa
4.54	sneeze	atɨsiwa
4.55	perspire	elamuta
4.56	spit	etata
4.57	vomit	uwenata
4.58	bite	eka
4.59	lick	nuta
4.591	dribble	etasikolowa
4.61	sleep	wonɨkɨ
4.612	snore	enapowa
4.62	dream	wonetɨ
4.63	wake up	u’paka
4.64	break wind	wepikota
4.65	urinate	wosika
4.66	defecate	uweka
4.67	have sexual intercourse	woku
4.68	shiver	wetɨtɨka
4.69	bathe	wekupi
4.71	beget (of father)	ɨmeka
4.72	born (to be)	woma
4.73	pregnant	mɨnotome
4.732	conceive	ɨmekapo
4.74	live, living, life	nulo
4.75	die, dead	lomopɨ
4.76	kill	wo
4.77	corpse	akepu
4.78	bury (the dead)	unamɨ
4.79	grave, tomb	tumun
4.81	strong, mighty, powerful	panape
4.82	weak	lume
4.83	well, health	tanepole
4.84	sick, sickness	yetunpe
4.841	fever	komɨina
4.843	cold (catarrh)	otono
4.85	wound, sore	owopo
4.852	bruise	alekï
4.853	swelling	a’mano
4.854	itch	kumisako
4.856	boil (noun)	yuyu
4.857	pus	ku’nu
4.858	scar	ipapo
4.86	cure, heal	etɨnoka
4.87	physician	epinonen
4.88	medicine, drug	apiwano
4.89	poison	ɨkako
4.91	tired, weary	lupo
4.912	rest	wolema
4.92	lazy	akinupe
4.93	bald	use’pa
4.94	lame	sɨkɨtame
4.95	deaf	ipanapa
4.96	mute	elupopa
4.97	blind	enupa
4.98	intoxicated	tɨwetɨiye
4.99	naked, bare	ikamisapa
5.11	eat	onolɨ
5.11	eat	enɨlɨ
5.11	eat	wentame
5.12	food	woto
5.121	cooked	toto’e
5.122	raw	etolɨpa
5.123	ripe	tapita
5.124	green, unripe	iyakɨlɨ
5.125	rotten	tɨkota
5.13	drink	enɨlɨ
5.14	hunger	kumɨ
5.141	famine	alepasanolɨ
5.15	thirst	tunasewailɨ
5.16	suck	inuku
5.18	chew	wentame
5.181	swallow	emo’kɨ
5.19	choke	mɨlɨpɨ
5.21	cook	etoka
5.22	boil (vb)	ɨmoka
5.23	roast, fry	ikalalaka
5.24	bake	ekei
5.25	oven	ekeitopo
5.26	pot, cooking vessel	tuma
5.28	pan	kalalakatopo
5.31	dish	palapi
5.31	dish	peleti
5.32	plate	tosipi
5.33	bowl	sapela
5.34	pitcher, jug	watalakan
5.35	cup, drinking vessel	komiki
5.37	spoon	sipunu
5.38	knife	maliya
5.39	fork	sipunu
5.391	tongs	akɨkatopo
5.41	meal (a)	alepa
5.46	peel	ipi’ka
5.47	sieve, strain	isuka
5.48	scrape	kɨ
5.49	stir, mix	ɨkoima
5.51	bread	pelele
5.54	knead	akɨkapotɨ
5.55	meal, flour	polomɨn
5.56	crush, grind	akuka
5.58	mortar	ako
5.59	pestle	akotano
5.61	meat	tonomɨ
5.64	soup, broth	aikupo
5.65	vegetables	wonatopo
5.66	bean	pesi
5.71	fruit	epelɨ
5.712	bunch	imontɨ
5.79	oil	dilwil
5.791	grease, fat	katɨ
5.81	salt	wayo
5.821	chili pepper	pomɨi
5.84	honey	wano
5.85	sugar	sukulu
5.86	milk (noun)	diletɨ
5.86	milk (noun)	meliki
5.88	cheese	fromage
5.89	butter	dibe
5.89	butter	pelelekulipatopo
5.9	beverage, drink	tanemɨ
5.92	wine	winu
5.93	beer	labye
5.93	beer	takepulen
5.94	fermented drink	kasili
5.97	egg	i’mo
5.971	egg yolk	i’mokamilɨ
6.11	put on (clothes)	womɨnta
6.12	clothing, clothes	womɨn
6.21	cloth	kamisa
6.24	cotton	maulu
6.29	leather	pakapipo
6.31	spin	epɨi
6.32	spindle	kuita
6.33	weave	apemɨlɨ
6.35	sew	atokɨ
6.36	needle	akusa
6.38	thread	nimo
6.42	woman's dress	koto
6.42	woman's dress	saiya
6.44	shirt	empi
6.44	shirt	kamisa
6.45	collar	enasa
6.46	skirt	panki
6.48	trousers	puluku
6.49	stocking, sock	kosu
6.51	shoe	sapato
6.55	hat, cap	sanpelelu
6.57	belt, girdle	ekuntɨ
6.61	pocket	mapusuku
6.62	button	konopu
6.62	button	bouton
6.63	pin	pini
6.71	ornament, adornment	kulamalɨ
6.72	jewel	kalukuli
6.73	ring (for finger)	ainatano
6.74	bracelet	amekuntɨ
6.75	necklace	aneka
6.76	bead	kasulu
6.77	earring	panatano
6.78	headband, headdress	umali
6.79	tattoo	melɨ
6.81	handkerchief, rag	ankɨsa
6.81	handkerchief, rag	kamisanpo
6.82	towel	kamisanpo
6.82	towel	serviette
6.91	comb	onkai
6.91	comb	palila
6.92	brush	posolo
6.921	braid	usemo
6.93	razor	mawasa
6.95	soap	sopo
6.96	mirror	supikili
7.11	dwell, live	emamɨ
7.12	house	auto
7.13	hut	pataya
7.15	yard, court	pɨlolo
7.17	cookhouse	wetumamukatopo
7.21	room	wonɨ’topo
7.22	door, gate	pena
7.221	doorpost, jamb	wakapu
7.23	lock (noun)	lakele
7.231	latch, door-bolt	lakele
7.24	key	lakele
7.25	window	pesele
7.25	window	lafinèt
7.26	floor	lalɨ
7.27	wall	akototopo
7.31	fireplace	watoaponɨ
7.37	ladder	talapu
7.42	bed	bedi
7.42	bed	litɨ
7.422	blanket	nopon
7.43	chair	aponano
7.44	table	tapala
7.45	lamp, torch	lampu
7.45	lamp, torch	lanteli
7.45	lamp, torch	pil
7.45	lamp, torch	kokolampu
7.46	candle	tuli
7.47	shelf	sula
7.51	roof	auto
7.52	thatch	auto
7.53	ridgepole	ileputɨ
7.54	rafter	yalalɨ
7.55	beam	sulapan
7.56	post, pole	wakapu
7.57	board	palanka
7.62	brick	kalon
8.11	farmer	mainapokono
8.12	field (for cultivation)	maina
8.13	garden	maina
8.22	dig	amika
8.24	shovel	sikopu
8.24	shovel	lapèl
8.25	hoe	sanpa
8.27	rake	atakolonankatopo
8.27	rake	salaika
8.31	sow	pomɨ
8.311	seed	epɨpo
8.42	grain (barley, oats etc)	epɨpo
8.47	maize, corn	awasi
8.48	rice	aleisi
8.51	grass	itupu
8.531	plant (vb)	pomɨ
8.54	root	mitɨ
8.55	branch	polilɨ
8.56	leaf	alɨ
8.57	flower	epɨlɨlɨ
8.57	flower	polomiki
8.6	tree	wewe
8.6	tree	kupii
8.6	tree	simili
8.6	tree	wonu
8.6	tree	mo’pe
8.6	tree	panakoko
8.6	tree	kwepi
8.6	tree	takini
8.68	tobacco	kulalu
8.68	tobacco	tamɨ
8.69	smoke (tobacco)	aima
8.691	pipe	paipa
8.72	tree stump	weweuntɨpo
8.73	tree trunk	weweuntɨ
8.74	forked branch	tɨpantaken
8.75	bark	pipo
8.76	sap	weweaikulu
8.81	palm tree	awala
8.81	palm tree	malipa
8.81	palm tree	wasei
8.81	palm tree	kumu
8.81	palm tree	patawa
8.82	coconut	ko’ko
8.83	citrus fruit	alimiki
8.84	banana tree	palulu
8.91	sweet potato	napi
8.912	yam	napɨi
8.92	tapioca, manioc, cassava	kɨyele
8.92	tapioca, manioc, cassava	yupo
8.93	gourd	kuwa'i
8.931	pumpkin, squash	awɨyama
8.94	bamboo	kuwama
8.941	sugar cane	asikalu
8.96	fish poison (root)	ineku
8.96	fish poison (root)	kunami
8.96	fish poison (root)	kunapalu
8.98	mushroom	kalusaku
8.98	mushroom	ulupe
9.12	work	emamina
9.14	bend	ensuma
9.15	fold	anpi'mo
9.16	tie, bind	mɨ
9.161	untie	inpoka
9.18	chain	keti
9.19	rope, cord	kapuya
9.19	rope, cord	kulawa
9.192	knot (noun)	ɨmɨpo
9.211	pound with fist	kofuma
9.22	cut	koto
9.221	cut down	akoto
9.222	chop, hew	pu’ka
9.223	stab	soloka
9.23	knife	maliya
9.24	scissors, shears	welasi
9.25	ax	wɨwɨ
9.251	adze	pulule
9.251	adze	pulusai
9.26	break	anpotɨ
9.261	broken	tanpose
9.27	split	laka
9.28	tear	e’ka
9.29	flay, skin	pipoka
9.31	rub, wipe	sɨkɨsɨkɨma
9.32	stretch	apika
9.33	pull	tɨnka
9.34	spread out	alipa
9.341	hang up	ewato
9.343	squeeze, wring	ewuka
9.35	pour	alɨmo
9.36	wash	kupi
9.37	sweep	akoka
9.38	broom	paisawa
9.422	tool	kɨlɨ
9.44	build	amɨ
9.46	bore	puka
9.461	hollow out	amika
9.48	saw	sasa
9.49	hammer	maloto
9.5	nail	putuputuli
9.56	glue	sipipa
9.64	gold	ikamipo
9.64	gold	kalukuli
9.65	silver	amununpo
9.66	copper, bronze	kopolo
9.67	iron	sipalali
9.68	lead (noun)	piloto
9.71	potter	oli’nopokono
9.72	mold (clay etc)	isamika
9.73	clay	oli’no
9.74	glass	tasiwɨinen
9.75	weave, plait	apemɨlɨ
9.76	basket	pasikita
9.76	basket	pakala
9.76	basket	kulukulu
9.81	carve	melo
9.82	sculptor	ukunen
9.83	statue	ukupo
9.84	chisel	tanta
9.84	chisel	tenten
9.88	paint (noun)	kuli
9.89	paint (vb)	kulipa
9.89	paint (vb)	pentire
10.11	move	kɨlino
10.12	turn over	ulinta
10.13	turn around	welama
10.14	wind, wrap	amemɨ
10.15	roll	umɨlɨ
10.16	drop (vb)	nonta
10.17	twist	ewu’ka
10.21	rise	awomɨ
10.22	raise, lift	awonka
10.23	fall	woma
10.24	drip	wosewuka
10.25	throw	ema
10.252	catch (ball)	apɨi
10.26	shake	susunka
10.32	flow	aikuta
10.33	sink	ipekɨ
10.34	float	uta
10.35	swim	weponumɨ
10.351	dive	watumuku
10.352	splash	pisinka
10.37	fly (vb)	alilumɨ
10.38	blow	wotulo
10.41	creep, crawl	lalɨpokowɨto
10.412	kneel	wekunama
10.42	slide, slip	wokɨlɨlɨka
10.43	jump, leap	wotapolomɨ
10.431	kick	wo
10.44	dance	uwa
10.45	walk	wɨto
10.451	limp	sɨkɨtamewɨto
10.46	run	ekatumɨ
10.47	go	wɨto
10.471	go up	wanuku
10.472	climb	wanuku
10.473	go down	wonɨto
10.474	go out	epaka
10.48	come	wopɨ
10.481	come back	welema
10.49	go away, depart	wɨto
10.49	go away, depart	nonta
10.491	disappear	woneneka
10.51	flee	wetuwalita
10.52	follow	wekena
10.53	pursue	wekena
10.55	reach, arrive	tunta
10.56	approach	wokɨlɨka
10.57	enter	omɨ
10.61	carry (bear)	alo
10.62	bring	enepɨ
10.63	send	emo’kɨ
10.64	lead (vb)	untɨma
10.65	drive	untɨma
10.67	push, shove	alima
10.71	road	oma
10.72	path	oma
10.74	bridge	talapu
10.76	wheel	talala
10.81	ship	tɨmiliken
10.83	boat	paliki
10.831	canoe	kuliyala
10.831	canoe	kanawa
10.84	raft	alato
10.85	oar	lemɨ
10.851	paddle (noun)	apukuita
10.852	row (vb)	wotalima
10.86	rudder	simona
10.87	mast	pilaepɨ
10.88	sail (noun)	pila
10.89	anchor	ankala
10.91	harbor, port	talapu
10.92	land (vb)	wotɨto
11.12	own, possess	apolemɨ
11.13	take	alo
11.14	seize, grasp	apɨi
11.15	hold	apɨi
11.16	get, obtain	epolɨ
11.17	keep, retain	kulama
11.18	thing	otɨ
11.21	give	ɨlɨ
11.22	give back	ipetakama
11.24	preserve, look after	solukuma
11.25	save, rescue	pa’ka
11.27	destroy	aka
11.28	harm, injure, damage	wowo
11.31	seek, look for	upi
11.32	find	epolɨ
11.33	lose	utaka
11.34	release, let go	nonta
11.43	money	pɨlata
11.44	coin	tilitili
11.51	rich	tɨpɨlatake
11.52	poor	piname
11.54	avaricious, stingy	amonpe
11.61	lend	yuluma
11.62	borrow	yuluma
11.64	debt	u’tano
11.65	pay (vb)	epema
11.78	wages	epetɨ
11.79	earn	epolɨ
11.81	buy	epekatɨ
11.82	sell	ekalama
11.83	trade, barter	ipetakama
11.84	merchant	ekelamanen
11.85	market (place)	maché
11.85	market (place)	wowoiyo
11.86	store, shop	wenkele
11.87	price	epetɨ
11.88	dear (costly, expensive)	tapene
11.89	cheap	epe'ma
11.91	share (distribute)	sasaka
11.92	weigh	wekima
12.11	place	pato
12.12	put	ɨlɨ
12.13	sit	wotantɨmo
12.14	lie down	watunka
12.15	stand	pɨle
12.16	remain, stay	emamɨ
12.17	remains, left overs	akoinɨnpo
12.21	collect, gather	potɨ
12.21	collect, gather	anumɨ
12.212	pick up	anumɨ
12.213	pile up	unsiko
12.22	join, unite	epopo
12.23	separate	atasaka
12.232	divide	atasaka
12.24	open	awonka
12.25	shut, close	etapu
12.26	cover	noponto
12.27	hide, conceal	unemɨ
12.31	high	kawo
12.32	low	popo
12.33	top	letɨlɨ
12.34	bottom	lalɨ
12.35	end	punusan
12.352	pointed	tɨposite
12.353	edge	esipilɨ
12.36	side	solopa
12.37	middle, center	owaliyana
12.41	right (side)	apotun
12.42	left (side)	apo'e
12.43	near (adv)	tɨsewatɨ
12.44	far (adv)	tɨse
12.45	east	untɨ
12.46	west	aletɨlɨ
12.47	north	palanalalɨ
12.48	south	ituluwɨino
12.53	grow	ipuwa
12.54	measure	u’ku
12.55	large, big	potome
12.56	small, little	kowaloko
12.57	long	masi’pe
12.58	tall	masi’pe
12.59	short	sanime
12.61	wide, broad	tanpile
12.62	narrow	silapime
12.63	thick (in dimension)	tɨpɨme
12.65	thin (in dimension)	silapime
12.67	deep	iyansi’pe
12.68	shallow	apipi’me
12.71	flat	tɨpipa’ke
12.73	straight	sapatolo
12.74	crooked	tɨkowaiye
12.75	hook	kowai
12.76	corner	kuyalɨ
12.81	round	tamumeleke
12.82	circle	ekuntɨ
12.83	sphere, ball	bal
12.85	hole	ato
12.92	like, similar	eneke
12.93	change	petakama
13.1	one	ainapa'tolo
13.101	eleven	onze
13.102	twelve	douze
13.103	fifteen	atoneepɨ
13.104	twenty	o’winkalina
13.105	hundred	ainatonekali'na
13.106	thousand	mille
13.14	every, all	pa’polo
13.15	much, many	pɨime
13.15	much, many	fulu
13.16	more	nolo
13.17	little (quantity), few	asiko
13.18	enough	ipolo
13.181	some	amɨ
13.19	multitude, crowd	apɨimɨn
13.21	full	tanuse
13.22	empty	italɨpa
13.23	part, piece	pisala
13.24	half	asela
13.33	alone, only	o’wine
13.34	first	na’nen
13.35	last	iyonpolo
13.36	second	okono
13.37	pair	okololo
13.38	two times	okonpoto
13.42	third	oluwano
13.44	three times	oluwanpoto
14.11	time	yulu
14.13	new	aselɨme
14.14	young	mɨlekoko
14.15	old	tampokome
14.16	early	kokolone
14.17	late	ko’iwatɨ
14.18	now	elome
14.19	immediately	elomelo
14.21	swift, fast, quick	takane
14.22	slow	eleka
14.23	hasten, hurry	wosima
14.24	retard, delay	lomanka
14.25	begin, beginning	amo
14.26	end (temporal)	iyonpolo
14.27	finish	aitepɨ
14.28	cease, stop	ɨmatɨ
14.29	ready	a’enpo
14.31	always	moyalo
14.32	often	okapɨn
14.33	sometimes	amɨnpome
14.331	soon	amɨnpo
14.332	long-time (for a)	akolepe
14.34	never	payo
14.35	again	lapa
14.41	day	kulita
14.42	night	koko
14.43	dawn	emamɨlɨ
14.44	morning	kokolo
14.45	noon, midday	kulitanene
14.451	afternoon	kulitanenepapota
14.46	evening	koine
14.47	today	elome
14.48	tomorrow	kolopo
14.481	day-after-tomorrow	monɨkolopo
14.49	yesterday	koinalo
14.491	day-before-yesterday	monɨkoinalo
14.51	hour	yulu
14.53	clock, timepiece	olosi
14.61	week	simenn
14.62	Sunday	sonde
14.63	Monday	lundi
14.64	Tuesday	mardi
14.65	Wednesday	mercredi
14.66	Thursday	jeudi
14.67	Friday	vendredi
14.68	Saturday	samedi
14.73	year	siliko
14.74	winter	kunu
14.76	summer	ilomɨ
14.78	season	yulu
15.21	smell (vb intrans)	waiponuku
15.212	sniff	ponuku
15.22	smell (vb trans)	eta
15.25	fragrant, good smelling	tɨpopole
15.26	stinking, bad smelling	tɨpole
15.35	sweet	tɨpoisine
15.35	sweet	tuketuke
15.36	salty	tuketuke
15.37	bitter	itunpe
15.38	acid, sour	tɨyasakole
15.41	hear	eta
15.42	listen	epanama
15.44	sound, noise	molɨ
15.45	loud	tɨmole
15.46	quiet, silence	itɨme
15.51	see	ene
15.52	look, look at	ene
15.55	show	enepo
15.56	shine	potɨta
15.57	bright	tɨpotɨle
15.62	light (in color)	taweiye
15.63	dark (in color)	tuwalume
15.64	white	tamune
15.65	black	tɨkalaiye
15.66	red	tapile
15.67	blue	tupulu
15.68	green	tikile
15.69	yellow	tɨkamile
15.71	touch	ituka
15.712	pinch	akɨka
15.72	feel	apo
15.74	hard	tɨyanale
15.75	soft	tɨmeiye
15.76	rough	tɨwakalake
15.77	smooth	tu’kapele
15.78	sharp	tɨyeke
15.79	blunt, dull	tɨpomomele’ke
15.81	heavy	awosinpe
15.82	light (in weight)	sawone
15.83	wet, damp	tɨkepule
15.84	dry	talule
15.85	hot	asinpe
15.851	warm	asinpe
15.86	cold	tɨsanole
15.87	clean	tɨsakole
15.88	dirty, soiled	tuwelekite
15.89	wrinkled	tametulike
16.11	soul, spirit	akalɨ
16.15	surprised, astonished	polomɨka
16.18	good fortune, luck	tɨwomuka
16.19	misfortune, bad luck	omita
16.23	joyful, glad, happy	apokupe
16.25	laugh	auwa
16.251	smile	ɨpotasiwa
16.26	play	wesapima
16.27	love	pɨna
16.29	kiss	posima
16.3	embrace	ewama
16.31	pain	yetun
16.32	grief, sorrow, sadness	eketalɨ
16.33	anxiety, worry	onumenkano
16.34	regret, be sorry	kotano
16.35	pity	kotano
16.37	cry, weep	watamo
16.37	cry, weep	ko'ta
16.38	tear (noun)	enakulu
16.39	groan	okonpa
16.41	hate	yenonopɨ
16.42	anger	aleku
16.44	envy, jealousy	pokosento
16.45	shame (noun)	pɨiyɨ
16.48	proud	tawapole
16.51	dare	wetalanka
16.52	brave	tutulupone
16.53	fear, fright	analɨ
16.54	danger	yawan
16.62	desire, want	se
16.622	choose	imenka
16.65	faithful	ilumapa
16.66	true	ipolo
16.67	lie, tell lies	enapita
16.68	deceit	emɨma
16.71	good	ilupa
16.72	bad	yawame
16.73	right, correct	ipolo
16.74	wrong	ipo’pa
16.76	fault	anɨma
16.77	mistake, error	anɨma
16.81	beautiful	ilume
16.82	ugly	ipɨitopa
16.83	greedy	kumime
16.84	clever	t'uke
17.11	mind	wonumenkalɨ
17.13	think (= reflect)	onumenkano
17.13	think (= reflect)	wonumenka
17.14	think (= be of the opinion)	ekanopɨ
17.15	believe	amɨita
17.16	understand	eta
17.17	know	ukutɨ
17.171	guess	ukutɨ
17.172	imitate	uku
17.18	seem	wai
17.19	idea, notion	wonumenkalɨ
17.21	wise	uku’nen
17.22	foolish, stupid	tomelese
17.23	insane, crazy	tomelese
17.24	learn	womepa
17.242	study	womepa
17.25	teach	emepa
17.26	pupil	womepatoto
17.27	teacher	emepanen
17.28	school	omepatopo
17.28	school	lekolɨ
17.31	remember	wonumenka
17.32	forget	utaka
17.34	clear, plain	ipolo
17.35	obscure	tawalume
17.36	secret	ukutɨpa
17.37	sure, certain	ipolone
17.38	explain	ekalitɨ
17.441	betray	ekalama
17.45	need, necessity	nisanolɨ
17.46	easy	tupiwatɨ
17.47	difficult	tupime
17.48	try, attempt	weku
17.49	way, manner	emelɨ
17.51	and	nanka
17.52	because	paské
17.53	if	ata
17.55	yes, affirmative	a'a
17.56	no, negative	uwa
17.61	how?	ɨnewala
17.62	how many?	otolo
17.63	how much?	otolo
17.64	what?	otɨko
17.65	when?	otɨyako
17.66	where?	owe
17.67	which?	nokɨko
17.68	who?	nokɨko
17.69	why?	otonome
18.11	voice	aulan
18.12	sing	waleta
18.13	shout, cry out	ko’ta
18.15	whisper	manameaulana
18.16	mumble	manameaulana
18.17	whistle	etakina
18.18	shriek, screech	ko’ta
18.19	howl	wataitapo
18.21	speak, talk	aulana
18.211	stutter, stammer	elupopa
18.22	say	wɨka
18.221	tell story	ekalitɨ
18.222	speech (make a)	aulanano
18.23	silent (be)	ɨitɨna
18.24	language	aulan
18.26	word	aulan
18.28	name	etɨ
18.31	ask (question, inquire)	watulupo
18.32	answer	eyuku
18.34	deny	latolo
18.35	ask, request	watulupo
18.36	promise	wɨka
18.37	refuse	amɨikapa
18.38	forbid	ayoma
18.39	rebuke, scold	emapotɨ
18.41	call (=summon)	koma
18.42	call (=name)	eyato
18.43	announce	ekalo
18.44	threaten	wolɨeyato
18.45	boast	wotamɨika
18.51	write	melo
18.52	read	lesima
18.56	paper	kaleta
18.57	pen	melotopo
18.61	book	kaleta
18.71	flute	sinan
18.72	drum	sanpula
18.73	horn, trumpet	kuti
18.74	rattle	malaka
19.11	country	kontele
19.12	one's native country	nono
19.15	city, town	kontele
19.16	village	waitopo
19.21	people (populace)	ponokon
19.24	chief, chieftain	kapiteni
19.24	chief, chieftain	yopoto
19.25	staff, walking stick	taposen
19.31	rule, govern	untɨma
19.32	king, ruler	konu
19.33	queen	konu
19.43	servant	pɨito
19.46	obey	amɨita
19.47	let, permit	epanopɨ
19.51	friend, companion	akono
19.52	enemy	itoto
19.54	neighbor	yemamɨlɨakono
19.55	stranger	tɨwolono
19.56	guest	eyukupo
19.57	host	eyu’nen
19.58	help, aid	epatoma
19.59	hinder, prevent	ako’to
19.61	custom	amano
19.62	strife, quarrel	owomano
19.65	meet	wopo
19.72	prostitute	moito
20.11	fight (vb)	owoma
20.13	war, battle	aleku
20.13	war, battle	waliyu
20.14	peace	tulupoantɨmo
20.15	army	suntatɨ
20.17	soldier	suntatɨ
20.21	weapons, arms	owotopo
20.22	club	putu
20.23	sling	lapaletɨ
20.24	bow	ɨlapalɨ
20.25	arrow	pɨlɨwa
20.26	spear	tomosen
20.28	gun, cannon	alakaposa
20.42	defeat	takeka
20.44	defend	ayoma
20.45	retreat	lupomamɨ
20.46	surrender	wokalama
20.47	captive, prisoner	cachottano
20.471	guard, sentinel	elan
20.48	booty, spoils	wotolɨ
20.49	ambush	o’pono
20.51	fisherman	wotopokono
20.52	fishhook	kowai
20.53	fishing line	sɨlɨsɨlɨ
20.54	fishnet	sipi
20.55	fish trap	bakɨsi
20.56	bait	sapa
20.61	hunt	wotalo
20.62	shoot	moluwa
20.62	shoot	wo
20.63	miss (target)	amonopɨ
20.64	trap (noun)	onantɨ
21.17	judgment	opimano
21.21	plaintiff	opimatoto
21.22	defendant	apoipo
21.23	witness	enenenɨnpo
21.31	accuse	emento
21.36	innocent	ipɨimeme
21.39	prison, jail	cachot
21.42	murder	wonen
21.44	rape	iyamitano
21.51	steal	monata
21.52	thief	manamen
9.21	strike (hit, beat)	wo
