@classification: North Caucasian,East Caucasian,Avar-Andic,Andic
@ids-name: Chamalal_CyrillTrans
@iso: cji
@language: Chamalal
@size: 1632
@source: ids
@variety: std
1.1	world	дунийал
1.21	earth, land	уᴴс̅
1.21	earth, land	улка
1.212	earth=ground, soil	уᴴс̅
1.213	dust	дада
1.214	mud	бис̅Іа
1.214	mud	гъиз
1.214	mud	кІас̅Іара
1.215	sand	сера
1.215	sand	кус̅
1.22	mountain, hill	бе̅л
1.22	mountain, hill	гъун
1.222	cliff, precipice	кьод
1.222	cliff, precipice	бас̅
1.222	cliff, precipice	хъитІил
1.23	plain, field	байдаᴴ
1.23	plain, field	гІатІиракь
1.23	plain, field	мигъа
1.24	valley	хама
1.25	island	йитІи
1.25	island	хама
1.26	mainland	кантинент
1.27	shore	бала
1.28	cave	йес̅Іа
1.31	water	лълъи̅ᴴ
1.32	sea	йелъа
1.322	calm (of sea)	гьас̅Іайес̅ада
1.323	rough (of sea)	гьалаге
1.324	foam	кьиби
1.329	ocean	акиан
1.33	lake	игьир
1.35	wave	квачІ
1.36	river, stream, brook	лъес̅а
1.36	river, stream, brook	гъогъма
1.36	river, stream, brook	гъада
1.362	whirlpool	х̅арди
1.37	spring, well	иᴴцвгъуй
1.38	swamp	тис̅Ів
1.39	waterfall	додра
1.41	woods, forest	вогьа
1.42	tree (cf 08.600)	вогьа
1.43	wood	лъун̅и
1.44	stone, rock	гьиᴴцІа
1.44	stone, rock	кьод
1.45	earthquake	хихиᴴ
1.51	sky	йегьиᴴ
1.52	sun	милъ
1.53	moon	бос̅І
1.54	star	с̅Іа̅
1.55	lightning	чирде
1.55	lightning	аᴴзхоша
1.56	thunder	дунийалходе
1.57	lightning (as striking)	чирде
1.58	storm	кутакабмуш
1.59	rainbow	нур
1.61	light (noun)	кваналъи
1.62	darkness	захъвлъи
1.63	shade, shadow	аᴴцв
1.64	dew	с̅иб
1.71	air	гьава
1.71	air	гьа̅
1.72	wind	муш
1.73	cloud	эъа
1.73	cloud	ах̅вма
1.74	fog	гьана
1.75	rain (noun)	с̅Іа̅
1.76	snow (noun)	аᴴз
1.77	ice	за̅
1.77	ice	за̅х̅е
1.78	weather	гьавамуш
1.78	weather	дунийал
1.81	fire	цІа̅
1.82	flame (noun)	цІа̅
1.83	smoke (noun)	с̅ур
1.84	ashes	кьедв
1.841	embers	гогв
1.841	embers	чІитІв
1.851	burn (vb trans)	цІагьла
1.852	burn (vb intrans)	цІагьла
1.86	light, kindle, ignite	биква̅на
1.86	light, kindle, ignite	биха̅ла
1.86	light, kindle, ignite	пирхда̅ла
1.861	extinguish	бис̅ва̅на
1.87	match (noun)	с̅Іиᴴ̅сІ
1.87	match (noun)	испишка
1.88	firewood	лъун̅и
1.89	charcoal	гьаб
2.1	person, human being	гьадам
2.21	man (vs. woman)	гьадам
2.22	woman	йагь
2.23	male	квиᴴтІаб
2.24	female	гьакІуб
2.25	boy	квиᴴтІомачІ
2.251	young man (adolescent)	гІолохъаногьадам
2.26	girl	гьакІвимачІ
2.261	young woman (adolescent)	милъишейагь
2.27	child	мачІ
2.28	infant, baby	мачІ
2.31	husband	гьекІва
2.32	wife	гьас̅І
2.33	marry	гьас̅Ійехъла
2.33	marry	гьекІвас̅ома̅на
2.34	marriage, wedding	бертиᴴ
2.34	marriage, wedding	иквеᴴ
2.34	marriage, wedding	йехиᴴ
2.341	divorce	батІалъе
2.35	father	има
2.36	mother	ила
2.37	parents	илаима
2.38	married man	гьас̅Ійехъид̅а
2.38	married man	гьа̅сІчІанис̅
2.39	married woman	гьекІвас̅вигьас̅І
2.39	married woman	гьекІвас̅о̅йинада
2.41	son	вагьа
2.42	daughter	йагь
2.43	offspring (son or daughter)	наслу
2.44	brother	вац
2.444	older brother	гошавус̅вац
2.445	younger brother	микІувус̅вац
2.45	sister	йац
2.454	older sister	гошейис̅йац
2.455	younger sister	микІийис̅йац
2.456	sibling	вац
2.456	sibling	йац
2.458	twins	къиᴴтІалІе
2.46	grandfather	гошдад
2.46	grandfather	гоше̅ма
2.461	old man	гошогьадам
2.47	grandmother	гоше̅ла
2.471	old woman	гошейагь
2.48	grandson	вагьувагьа
2.49	granddaughter	вагьвийагь
2.51	uncle	имувац
2.511	mother's brother	илулІвац
2.512	father's brother	имувац
2.512	father's brother	илулІвац
2.52	aunt	имийац
2.521	mother's sister	илулІйац
2.522	father's sister	имийац
2.53	nephew	вацувагьа
2.54	niece	вацвийагь
2.55	cousin	ваца̅б
2.55	cousin	йаца̅б
2.56	ancestors	умумали
2.57	descendants	наслулІгьадаме
2.61	father-in-law (of a man)	имакьар
2.61	father-in-law (of a man)	гьекІвас̅виила
2.611	father-in-law (of a woman)	имакьар
2.611	father-in-law (of a woman)	гьакІулІима
2.62	mother-in-law (of a man)	илакьар
2.62	mother-in-law (of a man)	гьекІвас̅виила
2.621	mother-in-law (of a woman)	илакьар
2.621	mother-in-law (of a woman)	гьакІулІила
2.63	son-in-law (of a man)	нуса
2.631	son-in-law (of a woman)	нуса
2.64	daughter-in-law (of a man)	вагьвигьас̅І
2.641	daughter-in-law (of a woman)	вацвигьас̅І
2.71	stepfather	илъатуима
2.72	stepmother	илъатвиила
2.73	stepson	илъатувагьа
2.74	stepdaughter	илъатвийагь
2.75	orphan	илъату
2.76	widow	къороле
2.77	widower	къороло
2.81	relatives, kinsmen	гІагарлъи
2.82	family	хъизаᴴ
2.91	I	ди̅ᴴ
2.92	you (singular)	ми̅
2.93	he/she/it	ов
2.93	he/she/it	ой
2.93	he/she/it	об
2.94	we	ис̅и
2.94	we	илІи
2.941	we (inclusive)	илІи
2.942	we (exclusive)	ис̅и
2.942	we (exclusive)	илІи
2.95	you (plural)	бити
2.96	they	удабч
3.11	animal	хІаймаᴴ
3.12	male (adj)	квиᴴтІабадуб
3.13	female (adj)	гьакІубадуб
3.15	livestock	бечІвхе
3.15	livestock	бос̅І
3.16	pasture	алаха
3.16	pasture	бе̅л
3.18	herdsman	игьва
3.19	stable, stall	бекь
3.19	stable, stall	чІатвалІбекь
3.19	stable, stall	ас̅алІв
3.2	cattle (bovine)	бечІвхе
3.21	bull	муса
3.22	ox	муса
3.23	cow	зин
3.24	calf	лъеди
3.25	sheep	да̅ᴴ
3.26	ram	кви̅ᴴ
3.28	ewe	иᴴха
3.29	lamb	кьили
3.32	boar	цІад̅ура
3.34	sow	болъоᴴ
3.34	sow	гьакІубболъоᴴ
3.35	pig	болъоᴴ
3.36	goat	с̅ІиналІ
3.37	he-goat	чІута
3.38	kid	с̅ІечІи
3.41	horse (equine)	чІатв
3.42	stallion	барт
3.44	mare	иша
3.45	foal, colt	та̅й
3.46	ass, donkey	амах
3.47	mule	гъоцІуᴴ
3.5	fowl	этаквам
3.5	fowl	чІор
3.52	cock, rooster	берекв
3.54	hen	о̅ᴴча
3.55	chicken	балъа
3.55	chicken	о̅ᴴчулІбалъа
3.56	goose	хъаз
3.57	duck	бе̅диш
3.57	duck	ордек
3.58	nest	къишв
3.581	bird	этаквам
3.581	bird	чІор
3.582	seagull	чайка
3.583	heron	чІор
3.584	eagle	с̅Іу̅ᴴй
3.585	hawk	хъарцигъа
3.591	bat	х̅иᴴтрум
3.592	parrot	папугай
3.593	crow	къва̅гъаᴴ
3.594	dove	гъуᴴгъ
3.596	owl	бугь
3.61	dog	хва̅й
3.614	rabbit	кьаᴴчІал
3.62	cat	чІетІа
3.63	mouse, rat	гьек̅Івад
3.63	mouse, rat	хваᴴхулгьек̅Івад
3.65	fish	хвам
3.655	shell	ха̅лІан̅а
3.661	shark	акула
3.663	whale	кит
3.71	wolf	бацІа
3.72	lion	гъалбацІ
3.73	bear	сегьиᴴ
3.74	fox	са̅
3.75	deer	йичІа
3.76	monkey	маймалакв
3.77	elephant	пил
3.78	camel	вараᴴ
3.81	insect	рухІчІаголъи
3.811	louse	нас̅І
3.812	nit (louse egg)	тІана
3.813	flea	чІан̅
3.814	centipede	кІваᴴкьмигъа
3.815	scorpion	гьачІакІвар
3.815	scorpion	хваᴴхвалджеб
3.816	cockroach	таракан
3.817	ant	жуж
3.818	spider	хъод
3.819	spider web	хъодулІбегьаᴴ
3.82	bee	пийаᴴ
3.821	beeswax	с̅ирв
3.822	beehive	отул
3.823	wasp	кьежаᴴ
3.83	fly	тІуᴴтІ
3.831	sandfly (midge), gnat	к̅Іара
3.832	mosquito	к̅Іара
3.84	worm	беча
3.85	snake	беча
3.91	firefly	йикун̅абйис̅ун̅аб
3.92	butterfly	с̅айтІаᴴ
3.93	grasshopper	гъаᴴцІа
3.94	snail	с̅умача
3.95	frog	къуᴴкъ
3.96	lizard	кІваᴴкІварацв
3.97	crocodile, alligator	кракадил
3.98	turtle	булулІкъуᴴкъ
4.11	body	лага
4.11	body	къаркъала
4.12	skin, hide	бакІвал
4.12	skin, hide	боч
4.12	skin, hide	кеба
4.12	skin, hide	хоша
4.13	flesh	къаркъала
4.13	flesh	лага
4.14	hair (head)	мичІа
4.142	beard	мизатІв
4.144	body hair	хвахача
4.145	pubic hair	ча̅
4.146	dandruff	хъалабе
4.15	blood	э̅
4.151	vein, artery	пул
4.16	bone	йакьил
4.162	rib	эсибзала
4.17	horn	чІам
4.18	tail	мигъа
4.19	back	бекъулІ
4.191	spine	бекъулІулІмукъ
4.2	head	ун
4.201	side of head, temple	кІарт
4.202	skull	бул
4.203	brain	гьан
4.204	face	ба̅й
4.204	face	гьа̅ᴴв
4.205	forehead	гьакьа
4.207	jaw	эрлІв
4.207	jaw	чанагъа
4.208	cheek	чІелв
4.209	chin	мизатІв
4.21	eye	гьачІа
4.212	eyebrow	кьес̅ал
4.213	eyelid	гьачІилІбуцур
4.214	eyelash	гьачІилІча̅
4.215	blink	гьачІезизах̅а̅ла
4.22	ear	ан̅а
4.222	earwax	бис̅І
4.23	nose	май
4.231	nostril	майлІпан̅в
4.232	mucus (nasal)	маш
4.24	mouth	элмис̅І
4.241	beak	кучул
4.25	lip	кучул
4.26	tongue	мис̅І
4.27	tooth	салв
4.271	gums	таме
4.272	molartooth	хвабалІсалв
4.28	neck	джайлІв
4.281	nape of neck	гьодул
4.29	throat	къваᴴкъва
4.29	throat	къваᴴкъулІун
4.3	shoulder	гъазулІвукь
4.301	shoulderblade	бехума
4.302	collarbone	цІив
4.302	collarbone	цІивлІйакьил
4.31	arm	йела
4.31	arm	гъазв
4.312	armpit	къва̅йкьв
4.32	elbow	с̅Іикван
4.33	hand	йела
4.331	palm of hand	ади
4.34	finger	лъецІил
4.342	thumb	бурнаблъецІил
4.344	fingernail	лъум
4.345	claw	лъум
4.35	leg	гъаб
4.351	thigh	ахъилІв
4.352	calf of leg	с̅уб
4.36	knee	никвал
4.37	foot	кваᴴс̅а
4.371	ankle	гъилахекІочІ
4.372	heel	магь
4.374	footprint	лъал
4.38	toe	лъецІил
4.392	wing	лъиᴴваралІв
4.393	feather	ча̅
4.4	chest	них
4.41	breast (of woman)	чача
4.412	nipple, teat	кІукІуᴴ
4.412	nipple, teat	мис̅І
4.42	udder	иᴴгьв
4.43	navel	с̅Іу̅ᴴ
4.44	heart	йакІва
4.441	lung	хус̅и
4.45	liver	йелалІ
4.451	kidney	кІу̅ᴴ
4.452	spleen	бошуᴴчІикъ
4.46	stomach	руйаᴴ
4.46	stomach	джа̅в
4.46	stomach	уᴴх̅с̅ил
4.461	intestines, guts	чихвана
4.461	intestines, guts	гъогъашв
4.461	intestines, guts	джа
4.462	waist	бакьалІаᴴмакІа
4.463	hip	йегъил
4.463	hip	ахъилІв
4.464	buttocks	вос̅лІечІелвабе
4.47	womb	бегьаᴴ
4.47	womb	кума
4.49	testicle	гьан
4.492	penis	цора
4.492	penis	гъаᴴтІа
4.51	breathe, breath	хІухьелджа̅на
4.51	breathe, breath	гьа̅ᴴбухла
4.51	breathe, breath	хІухьел
4.52	yawn, gape	гьагьаси̅ла
4.521	hiccough	гьакъа̅ла
4.53	cough	эхІу̅ла
4.54	sneeze	гІича̅ла
4.55	perspire	гьанатІа̅ла
4.56	spit	ту̅ла
4.56	spit	туту̅ла
4.57	vomit	чІа̅ла
4.58	bite	къа̅на
4.59	lick	на̅на
4.591	dribble	гьас̅Іх̅ва̅ла
4.61	sleep	кьихна
4.612	snore	х̅аᴴх̅ари̅ла
4.612	snore	хъархъари̅ла
4.62	dream	макьвгьаъйла
4.63	wake up	били̅ла
4.64	break wind	цуцбес̅ла
4.64	break wind	уᴴцйес̅ла
4.65	urinate	гьекІус̅на
4.66	defecate	багъвна
4.67	have sexual intercourse	белъа̅ла
4.67	have sexual intercourse	бакІукІла
4.68	shiver	гери̅ла
4.69	bathe	башвна
4.71	beget (of father)	игьла
4.72	born (to be)	бахна
4.73	pregnant	йахналІаб
4.732	conceive	йахнайикІвла
4.74	live, living, life	гІурмиигьла
4.74	live, living, life	чІагваб
4.74	live, living, life	гІурми
4.75	die, dead	бичІла
4.75	die, dead	бичІада
4.751	drowned	гъаᴴкъид̅а
4.76	kill	тІа̅на
4.77	corpse	йакьил
4.77	corpse	къаркъала
4.77	corpse	джаназа
4.78	bury (the dead)	гьодулІаᴴбекІала
4.79	grave, tomb	гьоб
4.81	strong, mighty, powerful	къуватаб
4.82	weak	загІибаб
4.82	weak	гІажизаб
4.83	well, health	сагъаб
4.83	well, health	сагълъи
4.84	sick, sickness	за̅йлаб
4.84	sick, sickness	з̅айли
4.841	fever	ц̅Іа
4.841	fever	гери̅ла
4.841	fever	середаъи̅ла
4.842	goiter	кІо̅
4.843	cold (catarrh)	секвте
4.85	wound, sore	аᴴлъ̅а
4.852	bruise	задал̅амакІа
4.853	swelling	а̅бахадамакІа
4.853	swelling	вулІуд̅айикь
4.854	itch	къакъане
4.855	blister	чичил
4.856	boil (noun)	булалІ
4.857	pus	а̅
4.857	pus	гьаᴴс̅І
4.858	scar	лъаᴴс̅а
4.86	cure, heal	битІигьла
4.87	physician	тохтур
4.88	medicine, drug	дарв
4.88	medicine, drug	сабаб
4.89	poison	загьур
4.91	tired, weary	зекъуд̅а
4.91	tired, weary	чІуᴴтид̅а
4.91	tired, weary	табалъи̅да
4.912	rest	рахІатбихла
4.92	lazy	кІвахІалав
4.92	lazy	хІиᴴцаб
4.93	bald	с̅и̅н̅а
4.94	lame	ахъил̅ахъбакІвла
4.95	deaf	ан̅икъув
4.96	mute	мис̅Ікъул
4.97	blind	захъув
4.98	intoxicated	вегвлъуд̅а
4.99	naked, bare	с̅ІиᴴкІурадас̅
5.11	eat	о̅ла
5.11	eat	иквна
5.12	food	оди
5.121	cooked	билъан̅а
5.122	raw	гьатІуб
5.123	ripe	биъада
5.123	ripe	барщид̅а
5.124	green, unripe	заᴴкуб
5.124	green, unripe	гьатІуб
5.124	green, unripe	биъидас̅
5.124	green, unripe	барщдидас̅
5.125	rotten	та̅н̅а
5.13	drink	хе̅ла
5.14	hunger	макати
5.14	hunger	макате
5.141	famine	макати
5.15	thirst	гьаᴴкъа
5.16	suck	с̅Іу̅на
5.18	chew	чІачІа̅на
5.181	swallow	бик̅Івна
5.19	choke	гъаᴴкъа̅ла
5.21	cook	билъна
5.22	boil (vb)	ахватада̅ла
5.23	roast, fry	безла
5.24	bake	безла
5.25	oven	печ
5.26	pot, cooking vessel	ош
5.26	pot, cooking vessel	чад
5.27	kettle	чайдаᴴ
5.27	kettle	чайникІ
5.28	pan	чад
5.31	dish	гьора
5.31	dish	чІетв
5.32	plate	чІетв
5.33	bowl	гарда
5.33	bowl	гардалІчІетв
5.33	bowl	чІахъналІчІора
5.34	pitcher, jug	гургуᴴ
5.34	pitcher, jug	адим
5.35	cup, drinking vessel	чІам
5.36	saucer	налбикІ
5.37	spoon	абикІ
5.37	spoon	гъе̅в
5.38	knife	бесуᴴ
5.39	fork	бекІуᴴ
5.391	tongs	хицІв
5.41	meal (a)	иквеᴴ
5.42	breakfast	с̅етІкІулес̅оди
5.44	dinner	кьебуллІоди
5.45	supper	йелъадас̅оди
5.46	peel	бахъла
5.47	sieve, strain	сусукІла
5.47	sieve, strain	бус̅Іа̅ла
5.48	scrape	гъа̅на
5.48	scrape	лІулІа̅ла
5.49	stir, mix	бегъигьла
5.51	bread	йецІ
5.51	bread	гъаᴴ
5.53	dough	гьатІ
5.54	knead	лъилъа̅ла
5.55	meal, flour	гьатІ
5.56	crush, grind	биса̅ла
5.56	crush, grind	гъури̅ла
5.57	mill	хваб
5.58	mortar	балихъаᴴ
5.59	pestle	баличІинаб
5.61	meat	йикь
5.63	sausage	с̅Іикъва
5.63	sausage	дицІаба
5.64	soup, broth	чорпа
5.65	vegetables	пихъмичІ
5.66	bean	гьал
5.7	potato	лама
5.7	potato	картушка
5.71	fruit	бехъ
5.712	bunch	шиш
5.712	bunch	къваᴴкъва
5.75	fig	инжир
5.76	grape	ах
5.77	nut	чІиᴴкІв
5.78	olive	зайтун
5.79	oil	симишкалІлІилІ
5.791	grease, fat	лІилІ
5.791	grease, fat	лъан
5.81	salt	с̅Іа̅ᴴ
5.82	pepper	пурч
5.821	chili pepper	пурч
5.821	chili pepper	пилпил
5.84	honey	гьуᴴс̅І
5.85	sugar	чакар
5.86	milk (noun)	с̅и̅ᴴв
5.87	milk (vb)	ца̅на
5.88	cheese	иᴴса
5.89	butter	гьатІвилІилІ
5.9	beverage, drink	хедабда̅ᴴ
5.92	wine	зана
5.93	beer	пиво
5.94	fermented drink	къерлІа
5.97	egg	чІачІаᴴ
5.971	egg yolk	с̅ирв
5.971	egg yolk	чІачІаналІс̅ирв
6.11	put on (clothes)	бали̅ла
6.12	clothing, clothes	избула
6.13	tailor	устар
6.13	tailor	избулалІустар
6.21	cloth	базар
6.21	cloth	исхъар
6.21	cloth	с̅угъур
6.22	wool	шал
6.23	linen, flax	хІебет
6.24	cotton	боз
6.24	cotton	катаᴴ
6.24	cotton	чит
6.25	silk	даре̅
6.27	felt	ботун
6.28	fur	боч
6.29	leather	бакІвал
6.29	leather	хъал
6.29	leather	с̅Іал
6.29	leather	дабагъ
6.29	leather	хурум
6.31	spin	х̅и̅на
6.32	spindle	мин̅а
6.33	weave	ахас̅ла
6.34	loom	нисалІ
6.35	sew	бакІвна
6.36	needle	безуᴴ
6.37	awl	гьим
6.38	thread	кварв
6.39	dye	йилъама
6.39	dye	хъирмиз
6.39	dye	лелв
6.39	dye	ражбал
6.41	cloak	гІаба
6.41	cloak	палаш
6.42	woman's dress	кІач
6.43	coat	палтв
6.44	shirt	квиᴴтІабадилкІач
6.44	shirt	бельанаᴴйелдабкІач
6.45	collar	белаᴴ
6.46	skirt	йиркв
6.48	trousers	бата
6.49	stocking, sock	инибикьин̅аб
6.51	shoe	гъабучІ
6.51	shoe	тубли
6.52	boot	патиᴴк
6.54	shoemaker, cobbler	устар
6.55	hat, cap	балабалІгалъв
6.57	belt, girdle	йачал
6.58	glove	йелквам
6.59	veil	сетка
6.61	pocket	чаᴴта
6.62	button	магъал
6.63	pin	тІадалаббезуᴴ
6.71	ornament, adornment	с̅урат
6.72	jewel	нагІил
6.72	jewel	джавгьар
6.73	ring (for finger)	микІс̅ил
6.74	bracelet	квакъиᴴ
6.75	necklace	йашал
6.76	bead	гьекІв
6.76	bead	мисудукъ
6.77	earring	кІиликІа
6.78	headband, headdress	унчІаналаб
6.78	headband, headdress	галъв
6.81	handkerchief, rag	йайлухъ
6.82	towel	палатиᴴц
6.91	comb	гьакьв
6.92	brush	гьакьв
6.921	braid	бакь
6.93	razor	далак
6.94	ointment	маз
6.95	soap	с̅апиᴴ
6.96	mirror	папал
7.11	dwell, live	бетІербахъи̅ла
7.11	dwell, live	гІурмиигьла
7.11	dwell, live	дунийалигьла
7.12	house	гьаᴴкъв
7.12	house	хад
7.13	hut	къуруш
7.131	garden-house	гьаᴴкъв
7.131	garden-house	хад
7.14	tent	чадир
7.15	yard, court	чадир
7.17	cookhouse	одилІгьаᴴкъв
7.18	meeting house	кулуб
7.21	room	гьаᴴкъв
7.22	door, gate	гьиᴴс̅Ів
7.22	door, gate	ка̅в
7.221	doorpost, jamb	азалІв
7.23	lock (noun)	йикІул
7.231	latch, door-bolt	гьакъиᴴ
7.231	latch, door-bolt	зел
7.231	latch, door-bolt	чес̅а
7.24	key	йикІул
7.25	window	ин̅а
7.26	floor	гьаᴴкъваза
7.26	floor	чІабар
7.27	wall	къун̅а
7.31	fireplace	тавхаᴴ
7.32	stove	перч
7.32	stove	кор
7.33	chimney	марщв
7.37	ladder	бекІвана
7.42	bed	каро̅т
7.421	pillow	тарпа
7.422	blanket	йергъваᴴ
7.43	chair	макІва
7.44	table	устур
7.45	lamp, torch	чирахъ
7.45	lamp, torch	пано̅р
7.46	candle	лъанилІчирахъ
7.47	shelf	йалалІубалІс̅Іе̅
7.48	trough	чочра
7.51	roof	ам
7.53	ridgepole	бо̅бала
7.54	rafter	ах̅им
7.54	rafter	вогьа
7.54	rafter	элълъим
7.55	beam	бо̅бала
7.56	post, pole	гьума
7.57	board	с̅Іе̅
7.58	arch	кІамур
7.61	mason	къун̅алІустар
7.62	brick	кирпич
7.63	mortar	гарчилІа̅
8.11	farmer	фермер
8.12	field (for cultivation)	хуйа
8.13	garden	ах
8.15	cultivate, till	хІалтІда̅ла
8.16	fence	буцур
8.17	ditch	лъилъил
8.21	plow	бекьла
8.212	furrow	йехъиᴴ
8.22	dig	тІетІи̅ла
8.22	dig	экутІла
8.23	spade	бел
8.23	spade	бехуᴴ
8.23	spade	йех̅иᴴ
8.24	shovel	бел
8.24	shovel	ашхъил
8.24	shovel	сабаса
8.24	shovel	чаме̅
8.25	hoe	ма̅ла
8.26	fork	бекІуᴴ
8.26	fork	кІваᴴкьа
8.27	rake	хохалъадаб
8.27	rake	х̅аᴴх̅ади
8.31	sow	гьаᴴгьвна
8.311	seed	гьу̅ᴴ
8.32	mow, reap	х̅а̅на
8.32	mow, reap	аквла
8.33	sickle, scythe	ниша
8.33	sickle, scythe	чаг
8.34	thresh	йал̅вигьла
8.35	threshing-floor	гьиᴴс̅Ів
8.41	crop, harvest	вугье
8.41	crop, harvest	хуйа
8.42	grain (barley, oats etc)	джаджа
8.43	wheat	цибак
8.43	wheat	къе̅в
8.44	barley	бечІиᴴ
8.45	rye	гъоц
8.46	oats	ниха
8.47	maize, corn	чаᴴгалІа̅
8.48	rice	поло̅
8.51	grass	гьуᴴчІа
8.52	hay	йекъвигьуᴴчІа
8.52	hay	йилъи
8.53	plant (noun)	лелв
8.53	plant (noun)	гьуᴴчІа
8.531	plant (vb)	бижа̅на
8.531	plant (vb)	буъа̅на
8.531	plant (vb)	хьихьл̅а
8.531	plant (vb)	хьихьи̅ла
8.54	root	гьекьим
8.55	branch	гьала
8.56	leaf	апал
8.57	flower	джиджиᴴ
8.6	tree	вогьа
8.61	oak	никулІвогьа
8.62	beech	чинара
8.63	birch	бехулІвогьа
8.64	pine	йек̅ІулІвогьа
8.65	fir	йолка
8.66	acorn	никв
8.67	vine	гъаб
8.67	vine	с̅Іел
8.68	tobacco	тамакв
8.69	smoke (tobacco)	с̅ур
8.691	pipe	хъалийаᴴ
8.72	tree stump	кІобара
8.73	tree trunk	гьума
8.75	bark	хъал
8.75	bark	олашв
8.76	sap	лълъи̅ᴴ
8.84	banana tree	бананилІвогьа
8.85	banyan	инжирилІвогьа
8.93	gourd	гамуз
8.931	pumpkin, squash	гамуз
8.94	bamboo	бамбук
8.97	nettle	мис̅І
8.98	mushroom	секІв
8.98	mushroom	мис̅Іакв
8.98	mushroom	машилІкІочІ
9.11	do, make	игьла
9.12	work	хІалтІи
9.14	bend	бис̅ва̅на
9.15	fold	балъла
9.15	fold	бас̅вна
9.15	fold	бугьа̅ла
9.15	fold	эчІис̅Іа̅ла
9.16	tie, bind	чІа̅на
9.161	untie	башла
9.18	chain	хахаᴴ
9.19	rope, cord	кварв
9.192	knot (noun)	чІа̅в
9.21	strike (hit, beat)	чІи̅на
9.211	pound with fist	бугъугъла
9.211	pound with fist	зури̅ла
9.22	cut	букъла
9.221	cut down	дагьигьла
9.222	chop, hew	чІуна̅ла
9.223	stab	бухъла
9.23	knife	бесуᴴ
9.24	scissors, shears	кІваᴴкьбе
9.25	ax	котІа
9.251	adze	ак̅Ів
9.26	break	хъи̅на
9.26	break	бахъа̅на
9.261	broken	бахъан̅а
9.27	split	хъада̅ла
9.28	tear	хъада̅ла
9.29	flay, skin	гъарда̅ла
9.29	flay, skin	чукІдала
9.29	flay, skin	му̅на
9.31	rub, wipe	с̅Іа̅на
9.32	stretch	джана̅ла
9.32	stretch	диргъдала
9.33	pull	джа̅на
9.34	spread out	баша̅ла
9.34	spread out	бес̅ла
9.34	spread out	башла
9.341	hang up	гета̅ла
9.342	press	биса̅ла
9.343	squeeze, wring	с̅Іу̅ла
9.35	pour	с̅е̅ла
9.36	wash	бушна
9.37	sweep	лІа̅ла
9.38	broom	иᴴгьв
9.38	broom	хъваᴴтІ
9.422	tool	алат
9.43	carpenter	лъун̅илІустар
9.44	build	игьла
9.44	build	гьаᴴкъвабеигьла
9.46	bore	ин̅а
9.461	hollow out	батІвла
9.461	hollow out	бух̅на
9.461	hollow out	гьаᴴкъатІвла
9.48	saw	х̅ох̅атур
9.49	hammer	эдаб
9.5	nail	гьаᴴкІва
9.56	glue	син
9.6	smith, blacksmith	эхуᴴ
9.61	forge	эхуᴴлъи
9.62	anvil	рач̅
9.63	cast (metals)	с̅е̅ла
9.64	gold	мисуд
9.65	silver	ас
9.66	copper, bronze	бахь
9.66	copper, bronze	йез
9.67	iron	коба
9.68	lead (noun)	тІогьа
9.69	tin, tinplate	гьацІекоба
9.71	potter	бахъаров
9.72	mold (clay etc)	куцигьла
9.73	clay	гъогъ
9.73	clay	чІабар
9.73	clay	чІатІв
9.74	glass	зе̅
9.75	weave, plait	ис̅ла
9.76	basket	тускур
9.76	basket	иᴴча
9.771	rug	тІамс̅а
9.771	rug	адйал
9.771	rug	гьецІвикІаᴴз
9.78	netbag	сетка
9.79	fan (noun)	мушбахалаб
9.791	fan (vb)	мушбаха̅ла
9.81	carve	батІвла
9.84	chisel	азалв
9.88	paint (noun)	гъирмиз
9.88	paint (noun)	йилъама
9.88	paint (noun)	лелв
9.88	paint (noun)	варакъ
9.88	paint (noun)	ражбал
9.89	paint (vb)	лъа̅ла
9.89	paint (vb)	с̅уратбухла
10.11	move	багъабачари̅ла
10.11	move	хьварди̅ла
10.12	turn over	х̅ара̅ла
10.12	turn over	х̅ардала
10.12	turn over	буцІа̅ла
10.13	turn around	бекІвана
10.13	turn around	х̅ара̅ла
10.14	wind, wrap	бариза̅ла
10.15	roll	х̅арда̅ла
10.16	drop (vb)	тІетІи̅ла
10.17	twist	бевс̅а̅на
10.21	rise	гьецІла
10.21	rise	бахи̅ла
10.22	raise, lift	бахда̅ла
10.22	raise, lift	гьецІа̅ла
10.23	fall	бахла
10.24	drip	тІетІда̅ла
10.25	throw	тІа̅на
10.25	throw	бегъла
10.252	catch (ball)	йицла
10.26	shake	дидана̅ла
10.26	shake	дина̅ла
10.32	flow	чвари̅ла
10.33	sink	гъаᴴкъи̅ла
10.34	float	квалигьла
10.35	swim	квалигьла
10.351	dive	лълъиᴴлІас̅ІатІвла
10.352	splash	чварлІа̅ла
10.352	splash	чварлІи̅на
10.37	fly (vb)	этла
10.38	blow	пу̅ла
10.41	creep, crawl	лІо̅ла
10.412	kneel	никвабахъбахла
10.413	crouch	чІичІабахъбатвла
10.42	slide, slip	гъо̅ла
10.42	slide, slip	гъода̅ла
10.42	slide, slip	зо̅ла
10.43	jump, leap	каса̅ла
10.431	kick	бежабадбехъла
10.44	dance	вохуᴴлъаболІвла
10.45	walk	белІла
10.45	walk	ма̅на
10.45	walk	хьварди̅ла
10.451	limp	ахъи̅лахъбакІвла
10.46	run	тІа̅ла
10.47	go	ма̅на
10.471	go up	ахалма̅на
10.471	go up	лъалвма̅на
10.472	climb	бахи̅ла
10.473	go down	гьикьалма̅на
10.473	go down	адвма̅на
10.474	go out	гьекьибалІвла
10.48	come	ба̅йла
10.48	come	би̅ла
10.481	come back	бех̅абагьвла
10.49	go away, depart	бех̅ама̅на
10.491	disappear	бетІвла
10.491	disappear	битла
10.491	disappear	дадах̅вла
10.491	disappear	с̅Іаᴴкъу̅ла
10.51	flee	бацІвла
10.51	flee	буцІла
10.52	follow	бахатІвма̅на
10.53	pursue	бахатІвбалІвла
10.55	reach, arrive	бацІла
10.56	approach	эс̅бахъегьа̅на
10.57	enter	инибалІвла
10.61	carry (bear)	бихиби̅ла
10.612	carry-in-hand	квадаᴴбихла
10.612	carry-in-hand	бач̅и̅ла
10.613	carry-on-shoulder	джа̅йхъбихла
10.613	carry-on-shoulder	бач̅и̅ла
10.614	carry-on-head	бехъла
10.614	carry-on-head	бехъи̅ла
10.615	carry-underarm	къва̅йкьаᴴбихла
10.62	bring	би̅ла
10.63	send	бугъла
10.63	send	бес̅ла
10.64	lead (vb)	бехъиби̅ла
10.65	drive	машиначІакваᴴма̅на
10.66	ride	чІатучІакваᴴма̅на
10.67	push, shove	у̅на
10.71	road	микъ
10.72	path	хъвади
10.72	path	лъелабмикъ
10.74	bridge	кье̅
10.75	carriage, wagon, cart	гьок
10.76	wheel	гъилв
10.77	axle	гьума
10.78	yoke	вукь
10.81	ship	гама
10.83	boat	с̅уᴴча
10.831	canoe	с̅уᴴча
10.832	outrigger	с̅уᴴча
10.86	rudder	рул
10.87	mast	мачта
10.88	sail (noun)	парус
10.91	harbor, port	порт
10.92	land (vb)	рещи̅ла
11.11	have	букІла
11.12	own, possess	и̅ла
11.12	own, possess	букІла
11.13	take	бихла
11.14	seize, grasp	хъа̅на
11.15	hold	бицла
11.16	get, obtain	би̅ла
11.17	keep, retain	цІи̅на
11.18	thing	да̅н
11.21	give	гу̅ла
11.22	give back	бугьа̅ла
11.24	preserve, look after	бе̅хъебетла
11.24	preserve, look after	цІи̅на
11.25	save, rescue	хвас̅аргьла
11.27	destroy	бах̅ла
11.27	destroy	пасагьла
11.27	destroy	чІуᴴтда̅ла
11.28	harm, injure, damage	зара̅лигьла
11.28	harm, injure, damage	зийанигьла
11.31	seek, look for	щу̅на
11.32	find	бисна
11.32	find	биса̅на
11.33	lose	битла
11.33	lose	бита̅ла
11.34	release, let go	бес̅ла
11.43	money	ас
11.44	coin	ас
11.51	rich	бечедов
11.52	poor	бискинов
11.53	beggar	хахадакІул
11.54	avaricious, stingy	бахилов
11.54	avaricious, stingy	къарумов
11.61	lend	къарзилІгу̅ла
11.62	borrow	къарзилІбихла
11.63	owe	налъвукІла
11.64	debt	налъ
11.65	pay (vb)	гьецІла
11.66	account, reckoning	йас̅Іум
11.69	tax, tribute	закат
11.69	tax, tribute	магъал
11.69	tax, tribute	налок
11.77	hire	хьварда̅лабихла
11.77	hire	бицла
11.78	wages	харж
11.79	earn	асигьла
11.79	earn	асбихла
11.81	buy	бихла
11.82	sell	гу̅ла
11.83	trade, barter	дарам
11.83	trade, barter	дарамбазар
11.83	trade, barter	бегьве
11.84	merchant	базаргаᴴ
11.85	market (place)	базар
11.86	store, shop	тукаᴴ
11.87	price	багьа
11.88	dear (costly, expensive)	х̅ираб
11.89	cheap	учузаб
11.91	share (distribute)	бикъла
11.92	weigh	джа̅на
12.1	after	йахатІв
12.1	after	бахатІв
12.11	place	бахатІв
12.11	place	бе̅хъе
12.2	beside	эс̅бахъе
12.2	beside	бекьалІаᴴ
12.2	beside	хе
12.3	down, below	адв
12.4	before	би̅ло
12.4	before	с̅и̅ᴴ
12.41	right (side)	с̅и̅ᴴ
12.5	inside, in	ини
12.6	outside	гьекьаᴴ
12.7	under	гьикьаᴴ
12.8	up, above	ах
12.11	place	макІа
12.12	put	бекІала
12.13	sit	гьас̅Іабатвла
12.14	lie down	гара̅ла
12.15	stand	битІигъла
12.16	remain, stay	бас̅Іла
12.16	remain, stay	бех̅вна
12.17	remains, left overs	гьикьаᴴбех̅ун̅акъа̅й
12.21	collect, gather	бугьа̅ла
12.212	pick up	ахалгьецІа̅ла
12.213	pile up	дан̅игьла
12.213	pile up	бакъа̅ла
12.22	join, unite	бакъа̅ла
12.22	join, unite	дан̅игьла
12.22	join, unite	тІа̅на
12.22	join, unite	селълъхех̅арда̅ла
12.23	separate	батІагьла
12.232	divide	бикъла
12.24	open	ахна
12.25	shut, close	ишва̅на
12.25	shut, close	иква̅ла
12.26	cover	тІа̅на
12.26	cover	ахитІа̅ла
12.27	hide, conceal	с̅Іуда̅ла
12.27	hide, conceal	бекъуᴴгьла
12.31	high	эшдаах
12.32	low	эшдагьикьаᴴ
12.33	top	мус̅І
12.33	top	элмитІв
12.34	bottom	гьилв
12.35	end	ахир
12.352	pointed	с̅ІуᴴкІуб
12.353	edge	бала
12.36	side	рахъ
12.37	middle, center	бакь
12.37	middle, center	бакьмакІа
12.41	right (side)	гьаᴴс̅Іис̅ІалІ
12.42	left (side)	гьаᴴхалалІ
12.43	near (adv)	эс̅бахъе
12.44	far (adv)	с̅Іидв
12.45	east	машрикъ
12.45	east	милъе̅сиб
12.46	west	магъриб
12.46	west	бициэсиб
12.47	north	север
12.48	south	къелма
12.53	grow	бижна
12.53	grow	булІла
12.53	grow	буъна
12.53	grow	с̅ІикІи̅ла
12.54	measure	басна
12.541	span, fathom	чІибил
12.55	large, big	гошаб
12.56	small, little	микІуб
12.57	long	бех̅илаб
12.58	tall	гьецІуб
12.59	short	башакІуб
12.61	wide, broad	аруб
12.62	narrow	с̅Іинуб
12.63	thick (in dimension)	кьануб
12.65	thin (in dimension)	белаб
12.67	deep	къотІуб
12.68	shallow	башада
12.68	shallow	чІикІуб
12.71	flat	башада
12.73	straight	битІид̅а
12.74	crooked	бичІан̅а
12.75	hook	йик̅Ів
12.75	hook	читІа
12.75	hook	гъаᴴцІа
12.76	corner	бела
12.77	cross	хъаᴴч
12.78	square	бо̅бала
12.81	round	кІоракІуб
12.82	circle	х̅арам
12.83	sphere, ball	уᴴс̅
12.83	sphere, ball	шар
12.84	line	мухъ
12.85	hole	ин̅а
12.92	like, similar	балълъуᴴб
12.93	change	бегьвла
12.93	change	хисда̅ла
13.0	zero, nothing	нол
13.0	zero, nothing	нул
13.1	one	себ
13.2	two	эчІида
13.3	three	лъалъада
13.4	four	бо̅да
13.4	four	боъуда
13.5	five	иᴴс̅уда
13.6	six	аᴴлІида
13.7	seven	акьуда
13.8	eight	бекьида
13.9	nine	ачІада
13.10	ten	ацІада
13.101	eleven	ацІалсеб
13.102	twelve	ацІалэчІида
13.103	fifteen	ацІалиᴴс̅уда
13.104	twenty	эчІацІада
13.105	hundred	бегьан̅а
13.106	thousand	азал̅а
13.107	count	бис̅Іна
13.14	every, all	имугІагила
13.14	every, all	имугала
13.14	every, all	батвадала
13.14	every, all	себикІидала
13.15	much, many	бийадас̅аᴴ
13.15	much, many	бисан̅ас̅аᴴ
13.15	much, many	букІадас̅аᴴ
13.15	much, many	идахабс̅аᴴ
13.15	much, many	эдидала
13.15	much, many	эдла
13.16	more	экІуб
13.17	little (quantity), few	дагьаб
13.18	enough	бохан̅а
13.18	enough	гІерза̅н
13.181	some	ша̅ᴴхале
13.181	some	себечІида
13.19	multitude, crowd	бе̅гъв
13.19	multitude, crowd	бехІе̅гъв
13.19	multitude, crowd	гІерза̅н
13.19	multitude, crowd	ша̅ᴴла
13.21	full	бицІид̅а
13.22	empty	бечІуд̅ас̅
13.23	part, piece	бала
13.23	part, piece	маза
13.24	half	бекъана
13.24	half	бекъаналъи
13.33	alone, only	себдасеб
13.33	alone, only	себдакІаб
13.34	first	эчІис̅инис̅
13.35	last	эчІбахатІус
13.36	second	эчІлІаб
13.37	pair	эчІидабакъи
13.38	two times	чІаᴴкІуда
13.42	third	лъалъалІаб
13.44	three times	лъацІуда
14.11	time	къа̅в
14.11	time	замана
14.12	age	ригь
14.12	age	ригьил
14.12	age	замана
14.13	new	цІиᴴвб
14.14	young	аᴴтаб
14.14	young	милъишаб
14.14	young	микІуб
14.14	young	бахІараб
14.14	young	гІолохъанаб
14.14	young	чІикІуб
14.15	old	бехалъид̅а
14.15	old	кьейалІ
14.15	old	мигьуб
14.16	early	бакъада
14.17	late	кватІи̅д̅
14.17	late	йех̅о̅ли
14.18	now	гьаᴴс̅агІат
14.19	immediately	экІуббис̅Іида
14.21	swift, fast, quick	х̅ух̅уб
14.22	slow	гьали̅бахас̅
14.23	hasten, hurry	цІакьла
14.24	retard, delay	бис̅Іа̅ла
14.24	retard, delay	лъалхъда̅ла
14.25	begin, beginning	багъари̅ла
14.25	begin, beginning	байбихьи̅ла
14.25	begin, beginning	байчІа̅ла
14.25	begin, beginning	булІла
14.25	begin, beginning	байбихьде
14.25	begin, beginning	ун
14.25	begin, beginning	эл
14.252	last, endure	даимлъла
14.252	last, endure	бех̅илалъла
14.26	end (temporal)	къотІда̅ла
14.26	end (temporal)	булІа̅ла
14.26	end (temporal)	бетІва̅ла
14.27	finish	булІа̅ла
14.28	cease, stop	бетІва̅ла
14.28	cease, stop	бис̅Іа̅ла
14.28	cease, stop	бугьа̅ла
14.28	cease, stop	къотІда̅ла
14.29	ready	хІадураб
14.31	always	ин̅адала
14.31	always	ин̅ас̅ин̅ала
14.32	often	бакъбакъада
14.33	sometimes	аᴴс̅лІама
14.33	sometimes	сесемукъулІ
14.33	sometimes	инигьекьаᴴ
14.331	soon	бегъвкватІдида
14.331	soon	гьаᴴс̅агІалІ
14.332	long-time (for a)	бех̅илаб
14.332	long-time (for a)	ин̅адала
14.34	never	ин̅ала
14.35	again	йа̅ла
14.41	day	милъ
14.42	night	йелъа
14.43	dawn	хъахІлъи
14.44	morning	сетІкІулес̅къа̅в
14.45	noon, midday	кьебул
14.451	afternoon	кьебулчІо̅йех̅а
14.46	evening	йелъаквлескъа̅в
14.47	today	йалъел
14.48	tomorrow	с̅етІ
14.481	day-after-tomorrow	с̅ола
14.49	yesterday	сун
14.491	day-before-yesterday	сунлълъичІс̅и̅ᴴ
14.51	hour	с̅агІат
14.53	clock, timepiece	с̅агІат
14.61	week	акьв
14.62	Sunday	цІабабмилъ
14.63	Monday	акьух̅ин̅абмилъ
14.64	Tuesday	талат
14.65	Wednesday	арбагІ
14.66	Thursday	х̅амиз
14.66	Thursday	с̅и̅нис̅
14.67	Friday	рузмаᴴ
14.68	Saturday	шамат
14.68	Saturday	бех̅ас̅
14.71	month	бос̅І
14.73	year	йегьиᴴ
14.74	winter	циб
14.75	spring	йе̅б
14.76	summer	къинв
14.77	autumn	инибагьа
14.78	season	йегьналІзамана
15.21	smell (vb intrans)	гьаᴴбулІла
15.212	sniff	гьу̅на
15.212	sniff	лълъу̅на
15.22	smell (vb trans)	лълъу̅на
15.25	fragrant, good smelling	гьо̅бгьа̅ᴴ
15.26	stinking, bad smelling	гьа̅ᴴ
15.26	stinking, bad smelling	махІце̅д̅агьа̅ᴴ
15.31	taste	тІагІам
15.35	sweet	мис̅Іаб
15.36	salty	с̅Іиᴴгьаб
15.37	bitter	букьуб
15.38	acid, sour	с̅ІикІуб
15.39	brackish	с̅ІиᴴгьабкІае̅
15.41	hear	волъла
15.42	listen	волъукІла
15.44	sound, noise	хъуй
15.44	sound, noise	раврив
15.44	sound, noise	хох
15.45	loud	кутакел
15.46	quiet, silence	гьас̅Іо̅балус̅
15.46	quiet, silence	паракъатаб
15.46	quiet, silence	рахІатаб
15.46	quiet, silence	гьас̅Іавес̅ада
15.51	see	гьаъи̅ла
15.52	look, look at	бацІна
15.55	show	гьаъа̅ла
15.56	shine	гваᴴгъи̅ла
15.56	shine	каᴴчІи̅ла
15.57	bright	каᴴчІид̅а
15.57	bright	зирх̅ид̅а
15.57	bright	квануб
15.61	color	кьер
15.62	light (in color)	квануб
15.63	dark (in color)	бечІабекъатІуб
15.63	dark (in color)	захъуб
15.64	white	гьацІаб
15.65	black	бечІатІуб
15.66	red	эъуб
15.67	blue	йегьналІкьераб
15.68	green	бесилІ
15.69	yellow	ашуб
15.71	touch	билълъла
15.71	touch	билъа̅ла
15.712	pinch	чІу̅на
15.712	pinch	биса̅ла
15.74	hard	квас̅Іатуб
15.74	hard	кьагъуб
15.74	hard	хъачІуб
15.75	soft	табаб
15.76	rough	кьагъуб
15.76	rough	хъачІуб
15.76	rough	бигьубицуб
15.77	smooth	шаᴴшуб
15.78	sharp	ба̅б
15.79	blunt, dull	гъваᴴтуб
15.81	heavy	бакІукІаб
15.82	light (in weight)	папаб
15.83	wet, damp	бицуб
15.84	dry	бекъуб
15.85	hot	битІуб
15.851	warm	аᴴс̅аб
15.86	cold	са̅вб
15.87	clean	бас̅Іадаб
15.88	dirty, soiled	хъубуб
15.89	wrinkled	х̅вах̅ван̅а
16.11	soul, spirit	рухІ
16.15	surprised, astonished	гІажаиблъид̅а
16.15	surprised, astonished	тамашалъид̅а
16.18	good fortune, luck	талехІ
16.18	good fortune, luck	икъбал
16.19	misfortune, bad luck	икъбаликІвлъе
16.23	joyful, glad, happy	талехІчІанис
16.23	joyful, glad, happy	бих̅ид̅а
16.25	laugh	гьигьи̅на
16.251	smile	вих̅ла
16.26	play	багьакІвла
16.27	love	ида̅ла
16.29	kiss	оббаигьла
16.3	embrace	джаквбицла
16.3	embrace	джайхъбахла
16.31	pain	заде
16.32	grief, sorrow, sadness	пашмаᴴлъи
16.33	anxiety, worry	эш
16.34	regret, be sorry	йакІвакъе̅лъа
16.35	pity	гурхІил
16.37	cry, weep	хъа̅ла
16.37	cry, weep	лъиркъу̅на
16.38	tear (noun)	ма̅
16.39	groan	зигари̅ла
16.39	groan	огьи̅лагІи̅на
16.41	hate	йихна
16.42	anger	с̅им
16.44	envy, jealousy	джахІдаллъи
16.45	shame (noun)	сул
16.45	shame (noun)	хІайаъ
16.48	proud	чІухІилІ
16.51	dare	бахІарчи
16.52	brave	кьварид̅а
16.52	brave	бахІарчийаб
16.53	fear, fright	лъеди
16.54	danger	лъеди
16.62	desire, want	гъира
16.62	desire, want	мурад
16.62	desire, want	хийал
16.62	desire, want	хьул
16.622	choose	бачІна
16.63	hope	бозевукІла
16.63	hope	хьулбукІла
16.65	faithful	мутІигІаб
16.66	true	бас̅Іадаб
16.66	true	бахІас̅Іадаб
16.66	true	уᴴгогодас̅
16.67	lie, tell lies	эшвмис̅Ібасна
16.68	deceit	балълъилълъа̅ла
16.68	deceit	хьухьи̅ла
16.69	forgive	ахо̅балІвла
16.71	good	гьоъоб
16.72	bad	эшуб
16.73	right, correct	битІараб
16.74	wrong	микъс̅ас
16.76	fault	эшубаᴴлъ
16.77	mistake, error	гъалатІ
16.77	mistake, error	хатІа
16.78	blame	гІа̅йбчІва̅йла
16.78	blame	гІа̅йббис̅Іа̅ла
16.79	praise	бецуцла
16.81	beautiful	берцинаб
16.82	ugly	сурид̅а
16.83	greedy	бахилав
16.83	greedy	къарумов
16.83	greedy	хъаᴴтІид̅а
16.83	greedy	гьа̅вхуд̅а
16.84	clever	с̅Іудуб
17.11	mind	гІакъул
17.13	think (= reflect)	ургъи̅ла
17.14	think (= be of the opinion)	булІла
17.14	think (= be of the opinion)	букла
17.15	believe	бозла
17.16	understand	би̅чІи̅ла
17.16	understand	булъна
17.17	know	и̅ла
17.171	guess	букла
17.172	imitate	балълъуᴴгьла
17.18	seem	букла
17.19	idea, notion	магІна
17.19	idea, notion	би̅ч̅Іде
17.21	wise	гІакъилов
17.22	foolish, stupid	гІадалов
17.23	insane, crazy	гІадалаб
17.24	learn	ийа̅ла
17.242	study	ийа̅ла
17.242	study	с̅Іали̅ла
17.25	teach	малълъи̅ла
17.26	pupil	с̅Іалдухъаᴴ
17.27	teacher	учитир
17.27	teacher	мугІалим
17.28	school	ушкул
17.28	school	мадрас
17.31	remember	йакІвечІбукІла
17.32	forget	бешушла
17.34	clear, plain	байанаб
17.34	clear, plain	йачІада
17.35	obscure	булъин̅ас
17.35	obscure	бич̅Ідидас
17.36	secret	балълъголъи
17.37	sure, certain	мухІканаб
17.37	sure, certain	йакІвайис̅Іид̅а
17.38	explain	басна
17.41	intention, purpose	нигат
17.41	intention, purpose	къас̅
17.41	intention, purpose	мурад
17.42	cause	гІи̅ла
17.43	doubt	васвас
17.44	suspect	щаки̅ла
17.441	betray	хийаналъиигьла
17.45	need, necessity	хІажат
17.45	need, necessity	хІажалъи
17.46	easy	бигьа̅б
17.47	difficult	захІматаб
17.48	try, attempt	джигарбахъде
17.48	try, attempt	хІалбихьде
17.49	way, manner	къайда
17.49	way, manner	куц
17.51	and	ла
17.52	because	икІвлъама
17.52	because	гьуᴴл̅ъи
17.53	if	нагегь
17.53	if	нагегьалдас̅аᴴ
17.54	or	йа
17.54	or	йаги
17.55	yes, affirmative	уᴴ
17.56	no, negative	аᴴаᴴ
17.56	no, negative	икІв
17.56	no, negative	ихв
17.61	how?	икь?
17.61	how?	икьхъа
17.62	how many?	ша̅ᴴ?
17.63	how much?	ша̅ᴴ?
17.64	what?	эд?
17.65	when?	ин̅а?
17.66	where?	икьаᴴ?
17.66	where?	икьано̅?
17.67	which?	икьис̅?
17.68	who?	им?
17.69	why?	э̅ла
18.11	voice	лъас̅Ів
18.12	sing	кечІбехъла
18.13	shout, cry out	бали̅ла
18.13	shout, cry out	балали̅ла
18.15	whisper	шуршури̅ла
18.16	mumble	нун̅ури̅ла
18.17	whistle	свас̅ва̅на
18.18	shriek, screech	с̅Іирс̅Іирйла
18.19	howl	ваᴴва̅ла
18.21	speak, talk	гулу̅ла
18.211	stutter, stammer	барбари̅ла
18.211	stutter, stammer	мис̅Ігетитла
18.22	say	икьла
18.221	tell story	булІуд̅агьа̅дабасна
18.222	speech (make a)	гу̅лула
18.23	silent (be)	уᴴдахъибакІвла
18.24	language	мис̅І
18.26	word	аᴴлъ
18.26	word	калам
18.28	name	с̅Іе̅
18.31	ask (question, inquire)	йас̅Іна
18.31	ask (question, inquire)	х̅иᴴс̅Іа̅ла
18.32	answer	йас̅Іна
18.32	answer	х̅иᴴсІа̅ла
18.33	admit, confess	мукІурлъла
18.34	deny	нагІадаллъийицла
18.34	deny	иᴴкаригьла
18.35	ask, request	ха̅ла
18.36	promise	рагІигу̅ла
18.37	refuse	бех̅ачІва̅йла
18.38	forbid	букъа̅ла
18.39	rebuke, scold	гу̅лу̅ла
18.39	rebuke, scold	бах̅ла
18.41	call (=summon)	балла
18.42	call (=name)	с̅Іе̅йилъла
18.43	announce	иъа̅ла
18.44	threaten	лъезегу̅ла
18.45	boast	пу̅ла
18.51	write	хъва̅ла
18.52	read	сІсІали̅ла
18.56	paper	кагъат
18.57	pen	ручка
18.61	book	хоша
18.67	poet	шагІир
18.72	drum	тан
18.73	horn, trumpet	марщв
18.74	rattle	жвархъадалаб
19.11	country	улка
19.12	one's native country	гІагарабулка
19.15	city, town	шагьар
19.16	village	гьа̅ᴴ
19.17	boundary	орхъи
19.21	people (populace)	халкъ
19.23	tribe, clan	агьул
19.23	tribe, clan	къам
19.24	chief, chieftain	цевехъаᴴ
19.25	staff, walking stick	цІул̅и
19.31	rule, govern	хІакимлъиигьла
19.31	rule, govern	ханлъиигьла
19.32	king, ruler	къирал
19.32	king, ruler	парчахІ
19.33	queen	йагькъирал
19.33	queen	йагьпарчахІ
19.36	noble, nobleman	баркамал
19.37	citizen, subject	гьадам
19.41	master	бетІергьаᴴ
19.41	master	уᴴбал
19.41	master	уᴴгьекІва
19.42	slave	лагъ
19.43	servant	чапар
19.44	freeman	эркеногьадам
19.44	freeman	кверс̅елкьаᴴикІидас̅гьадам
19.45	command, order	амуригьла
19.46	obey	мутІигІилъла
19.47	let, permit	изнугу̅ла
19.47	let, permit	бегьда̅ла
19.47	let, permit	хІалалгьла
19.51	friend, companion	гьудул
19.52	enemy	тушмаᴴ
19.54	neighbor	мадвгьал
19.55	stranger	имкІабдалаи̅дас̅гьадам
19.56	guest	с̅Іе̅в
19.57	host	уᴴгьекІва
19.57	host	уᴴбал
19.57	host	бетІергьаᴴ
19.58	help, aid	кумак
19.59	hinder, prevent	квалквалигьла
19.59	hinder, prevent	лазатбичІа̅ла
19.61	custom	гІадат
19.62	strife, quarrel	кьал
19.62	strife, quarrel	чІваᴴк
19.63	conspiracy, plot	балълъгокъотІи
19.65	meet	бисна
19.65	meet	дан̅илъла
19.65	meet	данбахла
19.72	prostitute	хІахІба
20.11	fight (vb)	рагъи̅ла
20.13	war, battle	рагъ
20.14	peace	рекъел
20.14	peace	йахаба
20.15	army	арми
20.17	soldier	рагъухъаᴴ
20.21	weapons, arms	йарагъ
20.22	club	ротІа
20.222	battle-ax	йарагълъихІалтІдалабвукІадакотІа
20.24	bow	тагума
20.25	arrow	цІиᴴву
20.26	spear	эхъва
20.27	sword	чІива
20.28	gun, cannon	туб
20.28	gun, cannon	гІарада
20.31	armor (defensive)	йарагъматахІ
20.33	helmet	такъийа
20.35	fortress	хъала
20.36	tower	иса
20.41	victory	бергьеᴴлъи
20.41	victory	бигье
20.42	defeat	бигъеᴴ
20.43	attack	гьужумигьла
20.44	defend	данбас̅Іла
20.45	retreat	къуркьи̅ла
20.45	retreat	кьури̅ла
20.46	surrender	квадиба̅йла
20.47	captive, prisoner	асир
20.47	captive, prisoner	вицид̅агьадам
20.47	captive, prisoner	туснахъгьадам
20.471	guard, sentinel	хъаро̅л
20.48	booty, spoils	давла
20.49	ambush	микъбицла
20.51	fisherman	хвамейацидабгьадам
20.52	fishhook	кицІв
20.54	fishnet	сетка
20.61	hunt	чанагъи̅ла
20.62	shoot	кьада̅ла
20.62	shoot	йаха̅ла
20.63	miss (target)	михъс̅абуке
20.64	trap (noun)	кицІв
20.65	trap (vb)	бицла
21.11	law	закуᴴ
21.15	court	суд
21.15	court	диван
21.16	judge (vb)	судигьла
21.17	judgment	судулІхІукму
21.18	judge (noun)	судийо
21.21	plaintiff	дагІбадуло
21.22	defendant	джавабгудабгьадам
21.22	defendant	джавабгу̅лавукудабгьадам
21.23	witness	вакь
21.24	swear	наквайихвла
21.25	oath	наква
21.31	accuse	гІа̅йбчІва̅йла
21.32	condemn	гІа̅йббис̅Іа̅ла
21.32	condemn	каки̅ла
21.33	convict (vb)	гІа̅йбийолъивис̅Іна
21.34	acquit	гІа̅йббух̅а̅ла
21.34	acquit	буъа̅ла
21.35	guilty	гІайбийов
21.36	innocent	гІа̅йбикІидас
21.37	penalty, punishment	джаза
21.37	penalty, punishment	тамихІ
21.38	fine	акІа
21.39	prison, jail	туснахъ
21.42	murder	тІане
21.43	adultery	зина
21.44	rape	зулмуигье
21.46	arson	цІа̅тІане
21.47	perjury	гьересийовакь
21.51	steal	с̅Іуда̅ла
21.52	thief	с̅Іогьор
