@classification: Tupi,Tupi-Guarani,Subgroup I
@ids-name: Guaraní_Phonemic
@iso: gug
@language: Guaraní, Paraguayan
@size: 1839
@source: ids
@variety: std
1.1	world	arapɨ
1.21	earth, land	ɨvɨape
1.212	earth=ground, soil	ɨvɨ
1.213	dust	ɨvɨtiᵐbo
1.214	mud	ɲaɨʔũ
1.214	mud	tuǰu
1.215	sand	ɨvɨkuʔi
1.22	mountain, hill	ɨvɨtɨ
1.222	cliff, precipice	ɨvɨʔã
1.23	plain, field	ǰoǰa
1.23	plain, field	ɲu
1.24	valley	ɨvɨtɨpaʔũ
1.25	island	ɨpaʔũ
1.25	island	ɲupaʔũ
1.26	mainland	ɨvɨɣʷasu
1.26	mainland	ɨvɨvusu
1.27	shore	teᵐbeʔɨ
1.27	shore	ɨreᵐbeʔɨ
1.28	cave	itakua
1.31	water	ɨ
1.32	sea	para
1.322	calm (of sea)	pɨʔaɣʷapɨ
1.322	calm (of sea)	ɨvɨtuporeʔɨ̃
1.323	rough (of sea)	kuču
1.324	foam	tɨ'ǰui
1.329	ocean	paraɣʷasu
1.33	lake	ɨreⁿda
1.33	lake	ɨpa
1.34	gulf, bay	ɨʔapɨte
1.341	lagoon	ɨrupa
1.341	lagoon	ɨnoʔõ
1.342	reef	itaɨpeɣʷa
1.343	headland, point	ɨvɨakã
1.35	wave	ɨpuʔã
1.35	wave	ɨapeno
1.352	tide	parasɨrɨ
1.353	lowtide	paraɣʷeǰɨ
1.354	hightide	paraǰupi
1.36	river, stream, brook	ɨsɨrɨ
1.362	whirlpool	ǰepɨvu
1.362	whirlpool	ɨǰere
1.37	spring, well	ɨkua
1.37	spring, well	ɨvu
1.37	spring, well	ɨvɨkua
1.37	spring, well	ɨkua
1.38	swamp	ɨvɨʔɨ
1.38	swamp	karuɣʷa
1.39	waterfall	ɨǰeʔaha
1.39	waterfall	ɨtu
1.41	woods, forest	kaʔaɣʷɨ
1.42	tree (cf 08.600)	ɨvɨra
1.42	tree (cf 08.600)	ɨvɨra'mata
1.43	wood	ɨvɨra
1.44	stone, rock	ita
1.45	earthquake	ɨvɨrɨ'rɨi
1.51	sky	ɨ'vaɣa
1.52	sun	kuarahɨ
1.53	moon	ǰasɨ
1.54	star	ᵐbɨǰa
1.55	lightning	aratiri
1.56	thunder	sunu
1.57	lightning (as striking)	aravera
1.58	storm	arapočɨ
1.58	storm	aravai
1.59	rainbow	'ǰɨiva
1.59	rainbow	'ǰui
1.61	light (noun)	tesape
1.61	light (noun)	teⁿdɨ
1.62	darkness	pɨtũ
1.63	shade, shadow	kuarahɨʔã
1.63	shade, shadow	ã
1.64	dew	ɨsapɨ
1.71	air	ɨvɨtu
1.71	air	pɨtu
1.72	wind	ɨvɨtu
1.73	cloud	arai
1.74	fog	tatatina
1.74	fog	araipɨtu
1.75	rain (noun)	ama
1.76	snow (noun)	amaŋuʔiroʔɨ
1.76	snow (noun)	ɨrɨpɨʔa
1.77	ice	ɨatã
1.77	ice	ɨrɨpɨʔa
1.78	weather	'ara
1.81	fire	tata
1.82	flame (noun)	tatareⁿdɨ
1.83	smoke (noun)	tata'tĩ
1.83	smoke (noun)	tiᵐbo
1.84	ashes	taniᵐbu
1.841	embers	tatapɨ̃i
1.851	burn (vb trans)	'kai
1.851	burn (vb trans)	hapɨ
1.852	burn (vb intrans)	heⁿdɨ
1.86	light, kindle, ignite	mɨaⁿdɨ
1.86	light, kindle, ignite	mɨeⁿdɨ
1.86	light, kindle, ignite	ǰatapɨ
1.861	extinguish	ᵐboɣʷe
1.87	match (noun)	tatameʔẽha
1.88	firewood	ǰepeʔa
1.89	charcoal	tata'pɨ̃i
2.1	person, human being	ava
2.1	person, human being	'mava
2.1	person, human being	tekove
2.21	man (vs. woman)	ava
2.21	man (vs. woman)	kuiᵐbaʔe
2.22	woman	kuɲa
2.23	male	kuiᵐbaʔe
2.24	female	kuɲa
2.25	boy	mitãkuiᵐbaʔe
2.251	young man (adolescent)	mitãrusu
2.251	young man (adolescent)	kariaʔɨ
2.26	girl	mitãkuɲa
2.26	girl	mitãkuɲaʔi
2.261	young woman (adolescent)	mitãkuɲaɣʷasu
2.261	young woman (adolescent)	kuɲataĩ
2.27	child	mitã
2.28	infant, baby	mitã
2.28	infant, baby	mitãkuiᵐbaʔe
2.28	infant, baby	kunumi
2.31	husband	'mena
2.32	wife	teᵐbireko
2.33	marry	ɲeᵐboǰuaǰu
2.33	marry	meⁿda
2.34	marriage, wedding	meⁿda
2.341	divorce	ǰopoi
2.35	father	'tuva
2.36	mother	sɨ
2.37	parents	tuva'kuera
2.38	married man	kuiᵐbaʔeome'ⁿdava
2.39	married woman	kuɲaome'ⁿdava
2.41	son	meᵐbɨkuiᵐbaʔe
2.42	daughter	meᵐbɨkuɲa
2.43	offspring (son or daughter)	čemeᵐbɨkuiᵐbaʔe
2.43	offspring (son or daughter)	čemeᵐbɨkuɲa
2.44	brother	tɨke'ʔɨra
2.44	brother	pehenɣʷe
2.444	older brother	čerɨkeʔɨ
2.444	older brother	čekɨvɨ
2.445	younger brother	čerɨvɨ
2.445	younger brother	čerɨke
2.445	younger brother	kɨvɨmičĩ'veva
2.45	sister	tei'ⁿdɨra
2.45	sister	pehenɣʷe
2.454	older sister	rɨke
2.454	older sister	tɨ'kera
2.455	younger sister	čekɨpɨʔɨ
2.455	younger sister	kɨpɨʔɨ
2.456	sibling	pehẽŋʷe
2.458	twins	mitãkõi
2.458	twins	kõi
2.458	twins	meᵐbɨkõi
2.46	grandfather	taita
2.46	grandfather	taitaɣʷasu
2.461	old man	karaituǰa
2.461	old man	tuǰa
2.461	old man	lekaǰa
2.47	grandmother	ǰa'rɨi
2.471	old woman	kuɲaɣʷãiɣʷĩ
2.471	old woman	ŋʷaiŋʷi
2.48	grandson	temiarirõ
2.49	granddaughter	temiarirõ
2.51	uncle	čepehẽŋʷe'mena
2.511	mother's brother	sɨkɨvɨ
2.512	father's brother	tuarɨkeʔɨtɨ'vɨra
2.52	aunt	sɨʔɨkɨ
2.521	mother's sister	sɨrɨke
2.522	father's sister	tuareiⁿdɨ
2.53	nephew	peheŋʷeraʔɨ
2.53	nephew	peheŋʷemeᵐbɨ
2.54	niece	peheŋʷeraǰɨ
2.54	niece	peheŋʷemeᵐbɨ
2.55	cousin	sɨkɨpɨʔɨmeᵐbɨ
2.56	ancestors	tamõi
2.57	descendants	ɲemoɲare
2.61	father-in-law (of a man)	me'ⁿduva
2.611	father-in-law (of a woman)	meⁿdɨ
2.611	father-in-law (of a woman)	ratɨu
2.62	mother-in-law (of a man)	teᵐbirekosɨ
2.62	mother-in-law (of a man)	raɨčo
2.621	mother-in-law (of a woman)	menasɨ
2.621	mother-in-law (of a woman)	mesɨ
2.63	son-in-law (of a man)	ta'ǰɨra'mena
2.63	son-in-law (of a man)	raǰɨme
2.631	son-in-law (of a woman)	meᵐbɨ'mena
2.631	son-in-law (of a woman)	meᵐbɨme
2.64	daughter-in-law (of a man)	taʔɨrareᵐbireko
2.64	daughter-in-law (of a man)	raʔɨtatɨ
2.641	daughter-in-law (of a woman)	meᵐbɨreᵐbireko
2.641	daughter-in-law (of a woman)	meᵐbɨtatɨ
2.71	stepfather	tuaŋa
2.71	stepfather	'tuvaᵑga
2.72	stepmother	sɨaŋa
2.72	stepmother	sɨaᵑga
2.73	stepson	ta'ʔɨraŋa
2.73	stepson	meᵐbɨaŋa
2.74	stepdaughter	ta'ǰɨraŋa
2.74	stepdaughter	meᵐbɨaŋa
2.75	orphan	tɨreʔɨ̃
2.76	widow	imenaveʔɨ̃va
2.76	widow	menaveʔɨ̃
2.77	widower	heᵐbirekoveʔɨ̃va
2.77	widower	teᵐbirekoveʔɨ̃
2.81	relatives, kinsmen	peheŋʷe
2.81	relatives, kinsmen	'kuera
2.82	family	oɣapeɣʷa
2.91	I	če
2.92	you (singular)	ⁿde
2.93	he/she/it	haʔe
2.94	we	haʔe
2.94	we	haʔečupe
2.941	we (inclusive)	ɲaⁿde
2.942	we (exclusive)	ore
2.95	you (plural)	peẽ
2.96	they	haʔe'kuera
3.11	animal	tɨᵐba
3.12	male (adj)	kuiᵐbaʔe
3.12	male (adj)	me
3.13	female (adj)	kuɲa
3.15	livestock	tɨᵐba
3.15	livestock	tɨᵐba'kuera
3.16	pasture	kapiʔipetɨ
3.16	pasture	ɲu
3.18	herdsman	mɨᵐbarerekua
3.19	stable, stall	mɨᵐbareⁿda
3.2	cattle (bovine)	'kuera
3.24	calf	raʔɨ
3.26	ram	me
3.29	lamb	raʔɨ
3.32	boar	kurekaʔaɣʷɨ
3.34	sow	taǰasu
3.34	sow	kurekuɲa
3.35	pig	kure
3.35	pig	taǰasu
3.37	he-goat	me
3.38	kid	raʔɨ
3.45	foal, colt	raʔɨ
3.5	fowl	ɣʷɨra
3.52	cock, rooster	kupɨǰu
3.54	hen	rɨɣʷasu
3.55	chicken	rɨɣʷasuraʔɨ
3.56	goose	ɣariᵐbe
3.57	duck	ɨpe
3.58	nest	raitɨ
3.58	nest	tupa
3.58	nest	taitɨ
3.581	bird	ɣʷɨra
3.582	seagull	atĩ
3.582	seagull	ɣuɨratĩ
3.583	heron	hoko
3.584	eagle	taɣʷato
3.585	hawk	taɣʷato
3.585	hawk	kirikiri
3.586	vulture	ɨrɨvu
3.591	bat	ᵐbopi
3.592	parrot	tuʔĩpara
3.592	parrot	ɣʷaʔa
3.593	crow	ɨrɨvu
3.594	dove	pɨkasu
3.594	dove	ǰeruti
3.596	owl	urukureʔa
3.596	owl	ɲakurutũ
3.596	owl	kavure
3.61	dog	ǰaɣʷa
3.614	rabbit	tapiti
3.62	cat	ᵐbarakaǰa
3.622	opossum	mɨkurẽ
3.63	mouse, rat	aŋuǰa
3.65	fish	pira
3.652	fin (dorsal)	pirapepo
3.653	fishscale	pirapire
3.654	gill	piraapekũ
3.655	shell	ape
3.655	shell	ɨta
3.664	stingray	ǰave'vui
3.664	stingray	ǰave'vɨi
3.665	freshwater eel	ᵐbusu
3.71	wolf	ǰaɣʷaruⁿdi
3.71	wolf	aɣʷaraɣʷasu
3.72	lion	ǰaɣʷapɨtã
3.74	fox	aɣʷara
3.74	fox	aɣʷaraʔi
3.75	deer	ɣʷasu
3.76	monkey	kaʔi
3.76	monkey	karaǰa
3.81	insect	ɨso
3.81	insect	mo'ɲai
3.811	louse	kɨ
3.812	nit (louse egg)	kɨrupiʔa
3.813	flea	tũnᵑgusu
3.814	centipede	aᵐbuʔa
3.815	scorpion	ǰapeusa
3.816	cockroach	tarave
3.817	ant	ta'hɨi
3.818	spider	ɲaⁿdu
3.819	spider web	ɲaⁿdureniᵐbo
3.819	spider web	ɲaⁿduti
3.82	bee	eiru
3.821	beeswax	araitɨ
3.822	beehive	eiruraitɨ
3.823	wasp	'kava
3.83	fly	ᵐberu
3.831	sandfly (midge), gnat	ɲetĩ
3.831	sandfly (midge), gnat	ᵐbariɣʷi
3.832	mosquito	ɲatiʔũ
3.84	worm	sevoʔi
3.85	snake	'ᵐboi
3.91	firefly	muã
3.91	firefly	ɨsoiⁿdɨ
3.92	butterfly	panaᵐbi
3.93	grasshopper	tuku
3.94	snail	ǰatɨta
3.94	snail	ǰatevu
3.95	frog	ǰuʔi
3.96	lizard	aᵐbere
3.97	crocodile, alligator	ǰakare
3.98	turtle	karuᵐbe
4.11	body	tete
4.12	skin, hide	pire
4.13	flesh	toʔo
4.14	hair (head)	taɣʷe
4.142	beard	teⁿdɨva
4.144	body hair	taɣʷe
4.145	pubic hair	taᵐbeɨpɨraɣʷe
4.145	pubic hair	takaᵐbɨraɣe
4.146	dandruff	apikuʔi
4.15	blood	tuɣʷɨ
4.151	vein, artery	tuɣʷɨrape
4.16	bone	kãᵑɣʷe
4.162	rib	ɲarukã
4.17	horn	tatĩ
4.17	horn	akãratĩ
4.18	tail	tuɣʷai
4.19	back	ape
4.19	back	atukupe
4.191	spine	apekaᵑɣʷe
4.2	head	akã
4.201	side of head, temple	atɨ
4.202	skull	kãŋʷekue
4.202	skull	akakaŋʷe
4.203	brain	apɨtuʔũ
4.204	face	tova
4.205	forehead	sɨva
4.207	jaw	taɲɨkã
4.208	cheek	tatɨpɨ
4.209	chin	taɲɨkã
4.21	eye	tesa
4.212	eyebrow	tɨvɨta
4.213	eyelid	topepi
4.214	eyelash	topea
4.215	blink	tesapirĩ
4.22	ear	naᵐbi
4.221	earlobe	naᵐbiʔa'pɨra
4.222	earwax	apɨsaraitɨ
4.23	nose	tĩ
4.23	nose	apɨᵑgʷa
4.231	nostril	tĩ'kuara
4.231	nostril	apɨᵑɣʷakua
4.232	mucus (nasal)	a'ᵐbɨu
4.24	mouth	ǰuru
4.241	beak	tĩ
4.241	beak	ɣʷɨratĩ
4.25	lip	teᵐbe
4.26	tongue	kũ
4.27	tooth	tãi
4.271	gums	tãiᵐbira
4.271	gums	e'ᵐbira
4.272	molartooth	'tãiɣʷasu
4.272	molartooth	tãiɣʷeʔa
4.28	neck	a'ǰura
4.281	nape of neck	a'tua
4.29	throat	ahɨʔo
4.3	shoulder	atiʔɨ
4.301	shoulderblade	atukupe
4.301	shoulderblade	atiʔɨkaᵑge
4.302	collarbone	pɨtiʔakãʔɨpɨ
4.31	arm	ǰɨva
4.312	armpit	ǰɨvaɣʷɨ
4.32	elbow	ǰɨvaᵑga
4.32	elbow	teɲɨvaᵑga
4.321	wrist	pɨapɨ
4.33	hand	po
4.331	palm of hand	popɨte
4.34	finger	kuã
4.342	thumb	kuãɣʷasu
4.342	thumb	kuãᵑguasu
4.344	fingernail	pɨapẽ
4.344	fingernail	pɨsãpe
4.345	claw	pɨapẽ
4.345	claw	pɨsapẽ
4.35	leg	tetɨma
4.351	thigh	tetɨma
4.351	thigh	tuᵐbɨ
4.351	thigh	'uva
4.352	calf of leg	tetɨmaroʔo
4.36	knee	penarã
4.36	knee	tenɨpɨʔã
4.37	foot	pɨ
4.371	ankle	pɨɲuã
4.372	heel	pɨta
4.374	footprint	pɨpore
4.374	footprint	pore
4.38	toe	pɨsã
4.392	wing	pepo
4.393	feather	taɣʷe
4.4	chest	pɨtiʔa
4.41	breast (of woman)	'kama
4.412	nipple, teat	'kama
4.412	nipple, teat	kamaapɨi
4.412	nipple, teat	kama'ᵐbɨi
4.42	udder	'kama
4.43	navel	puruʔã
4.44	heart	ɲeʔã
4.44	heart	pɨʔa
4.441	lung	ɲeʔãve'vui
4.441	lung	ve'vɨi
4.45	liver	ᵐbɨʔa
4.451	kidney	pitikiriʔi
4.452	spleen	perevɨ
4.46	stomach	kuʔa
4.46	stomach	pɨʔa
4.461	intestines, guts	tɨekue
4.461	intestines, guts	tɨe
4.462	waist	kuʔa
4.463	hip	tuᵐbɨkɨ
4.463	hip	tuᵐbɨ
4.464	buttocks	tevi
4.47	womb	meᵐbɨrɨru
4.49	testicle	taʔɨi
4.492	penis	teᵐbo
4.51	breathe, breath	pɨtu
4.51	breathe, breath	pɨtuhẽ
4.52	yawn, gape	ǰeǰurupeka
4.52	yawn, gape	ǰeǰurupeʔa
4.521	hiccough	ǰo'ǰoi
4.53	cough	huʔu
4.54	sneeze	atĩa
4.55	perspire	tɨ'ʔai
4.56	spit	ⁿdivu
4.57	vomit	ɣʷeʔẽ
4.58	bite	suʔu
4.59	lick	he'rei
4.591	dribble	reⁿdɨsɨrɨ
4.61	sleep	ke
4.612	snore	keraᵐbu
4.62	dream	'kerasɨ
4.62	dream	ke
4.63	wake up	'paɨ
4.64	break wind	pɨno
4.65	urinate	kuaru
4.66	defecate	poti
4.67	have sexual intercourse	poreno
4.67	have sexual intercourse	ǰeʔu
4.68	shiver	rɨ'rɨi
4.69	bathe	ǰahu
4.69	bathe	ᵐboǰahu
4.71	beget (of father)	moɲemoɲa
4.71	beget (of father)	moɲepɨrũ
4.72	born (to be)	te'ɲoi
4.72	born (to be)	a
4.73	pregnant	ipuruʔa
4.73	pregnant	tɨeɣʷasu
4.732	conceive	ɲemoɲa
4.74	live, living, life	ko
4.74	live, living, life	tekove
4.75	die, dead	mano
4.751	drowned	hoʔɨɣʷɨ
4.76	kill	ǰuka
4.77	corpse	teʔoᵑgʷe
4.78	bury (the dead)	ɲotɨ̃
4.79	grave, tomb	tɨvɨ
4.81	strong, mighty, powerful	hatã
4.81	strong, mighty, powerful	ᵐbarete
4.82	weak	kaŋɨ
4.83	well, health	hesãi
4.83	well, health	tesãi
4.84	sick, sickness	ha'sɨva
4.84	sick, sickness	tasɨ
4.841	fever	akãnuⁿdu
4.842	goiter	ǰu'ʔai
4.843	cold (catarrh)	ahɨʔopararã
4.843	cold (catarrh)	tĩsɨrɨ
4.85	wound, sore	ɲekɨtĩpore
4.85	wound, sore	ai
4.85	wound, sore	ǰeǰapi
4.852	bruise	ɲehuᵑga
4.853	swelling	ᵐbovu
4.853	swelling	apeno
4.853	swelling	ruru
4.854	itch	te'mõi
4.855	blister	ᵐbiruʔa
4.855	blister	apiruʔa
4.856	boil (noun)	ǰatiʔi
4.857	pus	'peu
4.858	scar	ᵐbore
4.858	scar	pere
4.86	cure, heal	moŋʷera
4.86	cure, heal	pohano
4.86	cure, heal	kuera
4.87	physician	pohano'hara
4.88	medicine, drug	pohã
4.89	poison	pohãǰukaha
4.89	poison	pohãǰuka
4.89	poison	pohãi
4.91	tired, weary	ikaneʔõ
4.91	tired, weary	kaneʔõ
4.912	rest	pɨtuʔu
4.92	lazy	ateʔɨ̃
4.92	lazy	kaiɣʷe
4.92	lazy	kaŋɨ
4.93	bald	akãperõ
4.94	lame	ikarẽva
4.94	lame	karẽ
4.94	lame	parĩ
4.95	deaf	apɨsatũ
4.95	deaf	apɨsaʔɨ̃
4.96	mute	ɲeʔẽᵑgu
4.97	blind	tečaʔɨ̃
4.98	intoxicated	kaʔu
4.99	naked, bare	o'pivo
4.99	naked, bare	aoʔɨ
5.11	eat	u
5.11	eat	karu
5.12	food	teᵐbiʔu
5.121	cooked	ǰɨɣʷe
5.121	cooked	mi'moi
5.122	raw	pɨra
5.123	ripe	hiʔaǰu
5.123	ripe	aǰu
5.124	green, unripe	hiʔakɨ
5.124	green, unripe	pekɨ
5.125	rotten	ituǰu
5.125	rotten	tuǰu
5.13	drink	u
5.13	drink	ɨʔu
5.14	hunger	ɲeᵐbɨa'hɨi
5.14	hunger	vareʔa
5.141	famine	ɲeᵐbɨa'hɨi
5.15	thirst	ɨu'hei
5.15	thirst	ɨʔu'hei
5.16	suck	pɨte
5.16	suck	kaᵐbu
5.18	chew	ɲamiⁿduʔu
5.18	chew	suʔu
5.181	swallow	mokõ
5.19	choke	pɨtuǰoko
5.21	cook	ᵐboǰɨ
5.22	boil (vb)	pupu
5.22	boil (vb)	ᵐbopupu
5.23	roast, fry	mokaʔẽ
5.23	roast, fry	hesɨ
5.23	roast, fry	čɨrɨrɨ
5.24	bake	tataku'apeɲeᵐboǰɨ
5.25	oven	tatakua
5.26	pot, cooking vessel	ǰapepo
5.27	kettle	okeⁿdavoka
5.28	pan	ɲaʔẽpɨrũ
5.31	dish	ɲaʔẽᵐbe
5.32	plate	ɲaʔẽᵐbe
5.33	bowl	ɲaʔẽ
5.34	pitcher, jug	kaᵐbuči
5.35	cup, drinking vessel	kaɣʷa
5.36	saucer	ɲaʔẽčararã
5.37	spoon	kuipe
5.38	knife	kɨse
5.39	fork	kɨpa
5.391	tongs	kɨpa
5.41	meal (a)	teᵐbiʔu
5.42	breakfast	raᵐbosaɣʷã
5.42	breakfast	raᵐmbosarã
5.43	lunch	karu
5.43	lunch	karuasaǰe
5.44	dinner	karu
5.44	dinner	teᵐbiʔu
5.45	supper	karupɨhare
5.46	peel	pire
5.46	peel	pireʔo
5.47	sieve, strain	ᵐboɣʷa
5.48	scrape	karãi
5.48	scrape	popĩ
5.49	stir, mix	ᵐbokača
5.49	stir, mix	ᵐboǰeheʔa
5.51	bread	čipa
5.51	bread	ᵐbuǰape
5.53	dough	ᵐbaʔehuʔũ
5.53	dough	ᵐbuǰaperã
5.54	knead	ᵐboǰeheʔa
5.55	meal, flour	avatimirikuʔi
5.55	meal, flour	huʔitĩ
5.56	crush, grind	ǰoso
5.56	crush, grind	moŋuʔi
5.57	mill	moŋuʔiha
5.58	mortar	aŋuʔa
5.59	pestle	avatisoka
5.61	meat	soʔo
5.63	sausage	ᵐbusiʔa
5.64	soup, broth	ǰukɨsɨ
5.65	vegetables	kaʔavo
5.66	bean	kumaⁿda
5.7	potato	ǰetɨ
5.71	fruit	a
5.71	fruit	ɨva
5.712	bunch	apesã
5.75	fig	ɣʷapoʔɨ
5.76	grape	ʔa
5.77	nut	maⁿduvi
5.78	olive	tarumaʔa
5.79	oil	ɲaⁿdɨrɨ
5.791	grease, fat	ɲaⁿdɨ
5.791	grease, fat	kɨrakue
5.81	salt	ǰukɨ
5.82	pepper	kɨʔɨ̃i
5.821	chili pepper	kɨʔɨ̃i
5.821	chili pepper	kuᵐbari
5.84	honey	e'ira
5.86	milk (noun)	kaᵐbɨ
5.87	milk (vb)	ɲami
5.88	cheese	kaᵐbɨrɨpɨʔa
5.89	butter	kaᵐbɨkɨratã
5.9	beverage, drink	ǰeɨʔurã
5.91	mead	ɨe'ira
5.92	wine	kaɣʷɨ
5.93	beer	kaɣʷɨ
5.94	fermented drink	ǰeɨʔurãraɣʷɨno
5.97	egg	tupiʔa
5.97	egg	rɨɣʷasurupiʔa
5.971	egg yolk	tupiʔapɨtãᵑɣʷe
5.971	egg yolk	rupiʔapɨtãŋɨ
6.11	put on (clothes)	ɲemoⁿde
6.11	put on (clothes)	ɲamoⁿde
6.11	put on (clothes)	moⁿde
6.12	clothing, clothes	ao
6.13	tailor	aoapoha
6.21	cloth	pɨahapɨre
6.21	cloth	poɨvi
6.22	wool	čara
6.22	wool	raɣʷe
6.23	linen, flax	kaʔavoiniᵐborã
6.24	cotton	maⁿdɨǰu
6.25	silk	ɨsomaⁿdɨǰu
6.28	fur	huɣʷare
6.28	fur	pi
6.28	fur	pire
6.28	fur	pirekue
6.29	leather	pire
6.29	leather	pi
6.31	spin	povã
6.32	spindle	heʔɨ̃
6.33	weave	pɨaha
6.34	loom	aoapoha
6.34	loom	aovɨta
6.35	sew	ᵐbovɨvɨ
6.36	needle	ǰu
6.37	awl	kutuha
6.38	thread	iniᵐbo
6.38	thread	teniᵐbo
6.39	dye	moᵑgolo
6.41	cloak	ǰahoʔiha
6.411	poncho	ahoǰa
6.42	woman's dress	ao
6.42	woman's dress	'sai
6.43	coat	ɲuãha
6.43	coat	ahoǰa
6.45	collar	a'ǰura
6.46	skirt	'sai
6.49	stocking, sock	pɨao
6.52	boot	puku
6.54	shoemaker, cobbler	apoha
6.55	hat, cap	akãreheɣʷa
6.55	hat, cap	akãŋao
6.57	belt, girdle	čuᵐbe
6.57	belt, girdle	kuʔakuaha
6.57	belt, girdle	kuʔakua
6.58	glove	poɲuvã
6.59	veil	ahoǰa
6.61	pocket	vona
6.62	button	akɨtã
6.63	pin	ǰuiɲa'kãva
6.71	ornament, adornment	ǰeɣʷaka
6.72	jewel	ǰeɣʷaka
6.73	ring (for finger)	kuãirũ
6.74	bracelet	pɨapɨreheɣʷa
6.74	bracelet	pɨʔapɨkɨǰa
6.75	necklace	ᵐboʔɨ
6.76	bead	kuru
6.76	bead	ai
6.76	bead	ᵐboʔɨ
6.76	bead	poʔɨ
6.77	earring	nami'čai
6.77	earring	namičãi
6.78	headband, headdress	avaǰokoha
6.79	tattoo	pini
6.81	handkerchief, rag	aoʔi
6.82	towel	mokãha
6.91	comb	kɨɣʷa
6.92	brush	karãiha
6.921	braid	ɲopẽ
6.93	razor	teⁿdɨvakɨtĩha
6.94	ointment	ɲaⁿdɨ
6.96	mirror	itaŋeča
7.11	dwell, live	ko
7.11	dwell, live	iko
7.12	house	'oɣa
7.13	hut	ɣʷataha
7.13	hut	tapɨ̃i
7.13	hut	tapere
7.131	garden-house	kaʔa'roɣa
7.14	tent	tapɨ̃i
7.15	yard, court	o'kara
7.15	yard, court	pɨ
7.16	men's house	'oɣakuiᵐbaʔereⁿda
7.17	cookhouse	tataɨpɨ
7.18	meeting house	'oɣaatɨha
7.18	meeting house	atɨ'roɣa
7.21	room	kotɨ
7.22	door, gate	okẽ
7.221	doorpost, jamb	okẽʔɨke
7.23	lock (noun)	ᵐbotɨha
7.231	latch, door-bolt	okẽᵐbotɨha
7.25	window	o
7.26	floor	ɨvɨ
7.27	wall	oɣɨke
7.31	fireplace	tatareⁿda
7.32	stove	ᵐbɨakuha
7.33	chimney	tatatĩsẽha
7.37	ladder	ǰupiha
7.42	bed	tupa
7.42	bed	iniᵐbe
7.42	bed	teniᵐbe
7.422	blanket	ahoǰa
7.43	chair	apɨka
7.44	table	aripaka
7.45	lamp, torch	ᵐbaʔereⁿdɨ
7.45	lamp, torch	tataiⁿdɨ
7.46	candle	tataiⁿdɨ
7.47	shelf	ᵐbaʔeǰokoha
7.48	trough	ɲaʔẽɣʷasu
7.48	trough	ɲaʔẽɨvɨra
7.51	roof	oɣahoʔi
7.51	roof	oɣahoǰa
7.52	thatch	'oɣahoʔikapiʔi
7.53	ridgepole	oɣakɨvɨ
7.53	ridgepole	oɣapɨrɨta
7.54	rafter	ɨvɨrapaⁿda
7.55	beam	ɨvɨrapaⁿda
7.56	post, pole	ɨvɨraʔɨɣʷe
7.57	board	ɨvɨrape
7.58	arch	mokarapã
7.61	mason	oɣapo'hara
7.61	mason	oɣaapoha
7.62	brick	itaʔɨvɨ
7.64	adobe	ɨvɨtaᵐbe
8.11	farmer	čokokue
8.12	field (for cultivation)	'koɣa
8.12	field (for cultivation)	kokue
8.13	garden	ɨvotɨtɨ
8.15	cultivate, till	ɲo'tɨ
8.15	cultivate, till	ɲemitɨ̃
8.16	fence	to'kai
8.17	ditch	ɨvɨkuapuku
8.21	plow	ɨvɨǰoʔo
8.212	furrow	ɨvɨǰoʔo
8.212	furrow	tape
8.22	dig	ǰoʔo
8.22	dig	ᵐboʔɨvɨkua
8.23	spade	sɨpe
8.24	shovel	ɨvɨǰoʔoha
8.25	hoe	itasɨpe
8.26	fork	takaᵐbɨ
8.27	rake	tɨpɨča
8.31	sow	mosaraᵐbi
8.31	sow	ɲemitɨ̃
8.31	sow	mɨasãi
8.311	seed	taʔɨ̃i
8.32	mow, reap	kɨtĩ
8.32	mow, reap	ᵐbɨatɨ
8.32	mow, reap	monoʔõ
8.33	sickle, scythe	kɨsetɨʔãi
8.34	thresh	ǰɨ'kɨi
8.34	thresh	ǰoka
8.34	thresh	taʔɨ̃iʔo
8.35	threshing-floor	oɲemoᵑgu'ʔiva
8.41	crop, harvest	monoʔõᵐbɨre
8.41	crop, harvest	'koɣapoʔo
8.42	grain (barley, oats etc)	taʔɨ̃i
8.43	wheat	avatimirĩ
8.44	barley	avatiriku
8.47	maize, corn	avati
8.51	grass	ɲana
8.51	grass	kapiʔipe
8.52	hay	kapiʔi
8.53	plant (noun)	kaʔa
8.53	plant (noun)	ɲana
8.531	plant (vb)	ɲemitɨ̃
8.54	root	hapo
8.54	root	tapo
8.55	branch	rakã
8.55	branch	takã
8.55	branch	ɨvɨrarakã
8.56	leaf	toɣʷe
8.57	flower	ɨvotɨ
8.6	tree	ɨvɨra
8.64	pine	kuriʔɨ
8.67	vine	ɨsɨpo
8.68	tobacco	petɨ̃
8.69	smoke (tobacco)	petɨmotĩᵐbo
8.69	smoke (tobacco)	motiᵐbo
8.691	pipe	motiᵐboha
8.72	tree stump	ɨvɨraɨpɨkue
8.72	tree stump	ɨvɨraraʔɨ
8.73	tree trunk	ɨvɨraropɨta
8.74	forked branch	tokɨta
8.75	bark	ape
8.75	bark	pire
8.76	sap	ɨvɨraɨsɨ
8.76	sap	ɨsɨ
8.81	palm tree	karaⁿdaʔɨ
8.81	palm tree	ᵐbokaǰa
8.82	coconut	ᵐbokaǰaʔa
8.83	citrus fruit	ɨvahai
8.83	citrus fruit	limõ
8.84	banana tree	pakova
8.91	sweet potato	ǰetɨ
8.92	tapioca, manioc, cassava	maⁿdiʔo
8.93	gourd	aⁿdai
8.931	pumpkin, squash	kurapepẽ
8.94	bamboo	takuara
8.941	sugar cane	takuareʔẽ
8.96	fish poison (root)	pohaǰukaha
8.96	fish poison (root)	popĩa
8.97	nettle	pɨno
8.98	mushroom	urupe
9.11	do, make	ǰapo
9.12	work	ᵐbaʔapo
9.14	bend	mokarapã
9.14	bend	pepɨ
9.15	fold	ᵐboǰoɨvɨ
9.16	tie, bind	mosã
9.16	tie, bind	ɲapɨtĩ
9.161	untie	ǰora
9.161	untie	mosãso
9.161	untie	poi
9.18	chain	satã
9.18	chain	itasã
9.19	rope, cord	tukuᵐbo
9.19	rope, cord	sã
9.192	knot (noun)	apokɨtã
9.192	knot (noun)	akɨtã
9.21	strike (hit, beat)	ᵐbota
9.211	pound with fist	ǰoso
9.22	cut	kɨtĩ
9.221	cut down	tɨ
9.221	cut down	itɨ
9.221	cut down	moᵐbe
9.222	chop, hew	ᵐboǰaʔo
9.222	chop, hew	ᵐboʔi
9.223	stab	kutu
9.23	knife	kɨse
9.24	scissors, shears	ǰetapa
9.25	ax	ǰɨakãᵑga
9.251	adze	ǰɨapa
9.26	break	ǰeka
9.26	break	ǰoka
9.26	break	pẽ
9.261	broken	opẽ
9.261	broken	ǰokapɨre
9.261	broken	ɲemopẽ
9.27	split	ǰoka
9.27	split	ᵐbovo
9.28	tear	ǰeka
9.28	tear	moⁿdoro
9.29	flay, skin	pireʔo
9.29	flay, skin	piro
9.31	rub, wipe	kɨtɨ
9.31	rub, wipe	pičɨ
9.32	stretch	ᵐbopuku
9.33	pull	mɨatã
9.33	pull	muatã
9.34	spread out	pɨso
9.34	spread out	mɨasãi
9.34	spread out	mosaraᵐbi
9.341	hang up	mosaiŋo
9.342	press	ǰopɨ
9.342	press	huᵐbiri
9.342	press	poka
9.343	squeeze, wring	ǰopɨ
9.35	pour	ɲohẽ
9.36	wash	ǰo'hei
9.37	sweep	tɨpei
9.38	broom	tɨpɨča
9.422	tool	teᵐbiporu
9.43	carpenter	ɨvɨraᵐbaʔapo'hara
9.44	build	ǰoɣapo
9.46	bore	ᵐbokua
9.461	hollow out	mopɨkoʔẽ
9.48	saw	mokɨčĩʔiha
9.48	saw	kičiʔĩ
9.49	hammer	ᵐbotaha
9.5	nail	itapɨɣʷa
9.5	nail	kutuha
9.56	glue	ᵐbaʔeaɨsɨ
9.6	smith, blacksmith	itaᵐbaʔapoha
9.61	forge	ǰapo
9.62	anvil	ɲainupãha
9.63	cast (metals)	ᵐboɨku
9.63	cast (metals)	meᵐbe
9.64	gold	kuarepotiǰu
9.64	gold	itaǰu
9.65	silver	itatĩ
9.65	silver	kuarepotitĩ
9.67	iron	itakaⁿdua
9.68	lead (noun)	itapo'hɨi
9.69	tin, tinplate	itaᵐbe
9.71	potter	ɲaiʔũavɨkɨha
9.72	mold (clay etc)	taʔaŋarapo
9.72	mold (clay etc)	mohaʔaŋa
9.73	clay	tuǰu
9.74	glass	ɲeaᵑgeča
9.75	weave, plait	pɨaha
9.75	weave, plait	ɲopẽ
9.76	basket	aǰaka
9.77	mat	piri
9.771	rug	karuha
9.771	rug	pɨrũha
9.78	netbag	voko
9.79	fan (noun)	peǰuha
9.791	fan (vb)	ᵐboɨvɨtu
9.81	carve	mohaʔaᵑga
9.82	sculptor	mohaʔaŋa'hara
9.83	statue	teteraʔaŋa
9.84	chisel	ǰɨkuasoka
9.88	paint (noun)	ᵐboparaha
9.89	paint (vb)	ᵐbopara
10.11	move	mo'mɨi
10.11	move	moŋuʔe
10.12	turn over	ǰapaǰe'rei
10.12	turn over	ǰaparo
10.13	turn around	ǰere
10.13	turn around	ᵐboǰere
10.14	wind, wrap	ᵐboapakua
10.14	wind, wrap	ǰapakua
10.15	roll	ǰapaǰe'rei
10.15	roll	ᵐboǰere
10.15	roll	ᵐboapakua
10.16	drop (vb)	poi
10.17	twist	poka
10.21	rise	ǰupi
10.22	raise, lift	mopuʔã
10.22	raise, lift	ᵐboǰupi
10.23	fall	a
10.24	drip	tɨkɨ
10.24	drip	ᵐboɣʷa
10.25	throw	moᵐbo
10.25	throw	itɨ
10.252	catch (ball)	pɨhɨ
10.26	shake	tɨvɨro
10.26	shake	ᵐbokača
10.32	flow	sɨrɨ
10.33	sink	moɲapɨmi
10.33	sink	ᵐboɨɣʷɨ
10.34	float	ve'vui
10.35	swim	ɨta
10.351	dive	ɲapɨmi
10.351	dive	sapɨmi
10.352	splash	hɨ'pɨi
10.36	sail (vb)	ɣʷataɨɣape
10.37	fly (vb)	veve
10.38	blow	peǰu
10.41	creep, crawl	poɲɨ
10.412	kneel	ɲesũ
10.413	crouch	ǰaɨvɨ
10.42	slide, slip	pɨsɨrɨ̃i
10.42	slide, slip	pɨsɨrɨ
10.43	jump, leap	po
10.43	jump, leap	popo
10.431	kick	pɨvoi
10.44	dance	ǰerokɨ
10.45	walk	ɣʷata
10.451	limp	karẽ
10.46	run	ɲani
10.47	go	ha
10.47	go	ho
10.471	go up	ǰupi
10.472	climb	ǰupi
10.473	go down	ɣʷeǰɨ
10.474	go out	sẽ
10.48	come	ǰu
10.481	come back	ǰuǰeɨ
10.481	come back	ǰevɨ
10.49	go away, depart	ho
10.49	go away, depart	poʔi'pɨɣʷi
10.491	disappear	kaɲɨ
10.51	flee	kaɲɨ
10.51	flee	ɣʷari
10.51	flee	piã
10.52	follow	hohakɨku'eri
10.52	follow	moɲa
10.52	follow	muɲa
10.53	pursue	moɲa
10.55	reach, arrive	hupɨtɨ
10.55	reach, arrive	ɣʷahẽ
10.56	approach	moʔaɣʷĩ
10.57	enter	ike
10.61	carry (bear)	raha
10.61	carry (bear)	ɣʷeraha
10.612	carry-in-hand	'popeǰereraha
10.613	carry-on-shoulder	a'pereǰereraha
10.614	carry-on-head	aka'ariǰereraha
10.615	carry-underarm	ɣʷerahaǰɨva'ɣʷɨpe
10.62	bring	ɣʷeru
10.62	bring	ru
10.63	send	rahauka
10.63	send	moⁿdo
10.64	lead (vb)	saᵐbɨhɨ
10.64	lead (vb)	ᵐboɣʷata
10.65	drive	saᵐbɨhɨ
10.66	ride	ɣʷapɨkavaǰu'ari
10.67	push, shove	mɨaɲa
10.67	push, shove	muaɲa
10.71	road	tape
10.72	path	tape
10.72	path	tapepoʔi
10.74	bridge	ɨvɨvorasaha
10.75	carriage, wagon, cart	ᵐbaʔɨru
10.75	carriage, wagon, cart	kačape
10.76	wheel	ᵐbaʔeǰere
10.77	axle	ǰereʔɨva
10.78	yoke	apɨrɨta
10.78	yoke	apirɨta
10.81	ship	ɨɣarata
10.83	boat	ɨɣa
10.831	canoe	ɨɣa
10.832	outrigger	itapa
10.84	raft	ɨɣape
10.85	oar	ɨɣaǰɨva
10.851	paddle (noun)	ɨɣasoǰaᵐbɨkɨ
10.852	row (vb)	pɨ'kui
10.86	rudder	ɨɣasaᵐbɨhɨha
10.86	rudder	ɨɣakũ
10.87	mast	ɨvavusu
10.87	mast	ɨɣarupa
10.87	mast	naɨ
10.88	sail (noun)	aoɨɣaᵐboɣʷataha
10.89	anchor	ɨɣamoᵐbɨtaha
10.91	harbor, port	ɨɣaɣʷahẽha
10.92	land (vb)	sẽɨ'ɣaɣʷi
11.11	have	ɣʷereko
11.11	have	reko
11.12	own, possess	ᵐbaʔerereko
11.13	take	ǰapɨhɨ
11.13	take	pɨhɨ
11.14	seize, grasp	pɨhɨ
11.14	seize, grasp	ǰapɨhɨ
11.15	hold	pɨhɨ
11.16	get, obtain	hupitɨ
11.16	get, obtain	hupɨtɨ
11.17	keep, retain	ɲoŋatu
11.17	keep, retain	kopuku
11.18	thing	ᵐbaʔe
11.21	give	meʔẽ
11.22	give back	meʔẽǰeɨ
11.24	preserve, look after	ɲoŋatu
11.24	preserve, look after	ɲaŋareko
11.25	save, rescue	pɨsɨrõ
11.27	destroy	ᵐbɨai
11.27	destroy	ᵐbokuʔi
11.27	destroy	ᵐbokusuɣʷe
11.28	harm, injure, damage	ᵐbɨai
11.28	harm, injure, damage	haru
11.31	seek, look for	heka
11.32	find	ǰuhu
11.33	lose	kaɲɨ
11.34	release, let go	poi
11.34	release, let go	so
11.43	money	pirapire
11.43	money	viru
11.44	coin	viru
11.51	rich	ᵐbaʔererekoha
11.51	rich	ᵐbaʔehetava
11.52	poor	ᵐboriahu
11.52	poor	poriahu
11.53	beggar	tupaᵐbaʔe'ǰara
11.54	avaricious, stingy	hakateʔɨ̃va
11.54	avaricious, stingy	takateʔɨ̃
11.61	lend	puru
11.61	lend	poruka
11.62	borrow	puru
11.62	borrow	poru
11.62	borrow	ǰerure
11.63	owe	tepɨmeʔẽvaʔerã
11.64	debt	tepɨmeʔrã
11.65	pay (vb)	hepɨmeʔẽ
11.66	account, reckoning	ǰepapa
11.66	account, reckoning	ᵐbaʔerepɨkue
11.69	tax, tribute	teᵐbirepɨkue
11.77	hire	poru
11.78	wages	teᵐbiaporepɨ
11.79	earn	ᵐbiatɨviru
11.81	buy	ǰoɣʷa
11.82	sell	ɲemu
11.83	trade, barter	ᵐbɨekovia
11.83	trade, barter	ᵐbuekovia
11.84	merchant	oᵐbaʔeɲe'muva
11.84	merchant	ɲemu'hara
11.85	market (place)	ɲemuha
11.86	store, shop	ɲemuha
11.87	price	hepɨ
11.87	price	tepɨ
11.87	price	ᵐbaʔerepɨ
11.88	dear (costly, expensive)	hepɨ
11.89	cheap	ⁿdahe'pɨi
11.91	share (distribute)	ᵐboǰaʔo
11.92	weigh	haʔã
12.1	after	uperire
12.1	after	u'pei
12.1	after	rire
12.11	place	tapɨkue
12.11	place	tapɨ'kueri
12.2	beside	ɨ'kepe
12.2	beside	ɨ'pɨpe
12.3	down, below	ɨ'vɨpe
12.3	down, below	'ɣʷɨpe
12.4	before	tenoⁿde
12.4	before	raẽ
12.41	right (side)	tenoⁿdeɣʷa
12.5	inside, in	pɨpe
12.5	inside, in	kotɨ'pɨpe
12.6	outside	oka
12.6	outside	o'kape
12.7	under	i'ɣɨpe
12.7	under	'ɣʷɨpe
12.8	up, above	ɨvate
12.8	up, above	'ari
12.11	place	teⁿda
12.11	place	mamo
12.12	put	moĩ
12.13	sit	ɣʷapɨ
12.14	lie down	ɲeno
12.15	stand	moɲeᵐboʔɨ
12.15	stand	puʔã
12.15	stand	ɲeᵐboʔɨ
12.16	remain, stay	pɨta
12.17	remains, left overs	teᵐbɨre
12.21	collect, gather	ᵐbɨatɨ
12.21	collect, gather	monoʔõ
12.212	pick up	monoʔõ
12.213	pile up	ᵐbɨatɨ
12.22	join, unite	monoʔõ
12.22	join, unite	ᵐboǰuaǰu
12.22	join, unite	ᵐbɨatɨ
12.23	separate	ᵐboǰei
12.23	separate	peʔa
12.232	divide	ᵐboǰaʔo
12.232	divide	ᵐbovo
12.24	open	peʔa
12.25	shut, close	ᵐbotɨ
12.26	cover	ɲua
12.26	cover	ɲuvã
12.26	cover	ǰahoʔi
12.26	cover	mama
12.27	hide, conceal	ɲomi
12.27	hide, conceal	mokaɲɨ
12.27	hide, conceal	ɲemi
12.31	high	ɨvate
12.32	low	karape
12.32	low	pe
12.33	top	ruʔã
12.33	top	tuʔã
12.34	bottom	tuɣʷa
12.35	end	a'pɨra
12.35	end	apɨ
12.352	pointed	hakua
12.352	pointed	akua
12.353	edge	reᵐbeʔɨ
12.353	edge	teᵐbe
12.353	edge	teᵐbeʔɨ
12.36	side	ɨke
12.37	middle, center	ᵐbɨte
12.41	right (side)	aka'tua
12.42	left (side)	asu
12.43	near (adv)	aɣʷĩ
12.44	far (adv)	moᵐbɨrɨ
12.45	east	kuarahɨresẽ
12.46	west	kuarahɨreike
12.47	north	ɨvateɣotɨo
12.48	south	ɨvɨ
12.48	south	ɨvɨɣotɨo
12.48	south	ɲeᵐbɨ
12.53	grow	kakuaa
12.54	measure	haʔã
12.541	span, fathom	hupɨtɨ
12.541	span, fathom	ᵐbope
12.541	span, fathom	poǰepɨso
12.55	large, big	tuiča
12.55	large, big	ɣʷasu
12.56	small, little	mičĩ
12.57	long	puku
12.58	tall	ɨvate
12.59	short	ᵐbɨkɨ
12.61	wide, broad	pe
12.61	wide, broad	pɨ
12.61	wide, broad	pɨɣʷasu
12.62	narrow	pɨkaʔi
12.62	narrow	poʔi
12.63	thick (in dimension)	poɣʷasu
12.63	thick (in dimension)	anaᵐbusu
12.65	thin (in dimension)	poʔi
12.65	thin (in dimension)	pererĩ
12.67	deep	pɨpuku
12.67	deep	hɨpɨ
12.68	shallow	ⁿdahɨ'pɨi
12.68	shallow	karape
12.68	shallow	perẽrĩ
12.71	flat	apeǰoǰa
12.71	flat	ǰoǰa
12.73	straight	ikareʔɨ̃va
12.73	straight	ɨvi
12.74	crooked	karẽ
12.74	crooked	vã
12.75	hook	tɨ'ʔãi
12.75	hook	po'tai
12.76	corner	tuɣʷa
12.78	square	ɨkeʔiruⁿdɨ
12.81	round	apuʔa
12.82	circle	ᵐbaʔeapuʔa
12.83	sphere, ball	ᵐbaʔeapuʔa
12.84	line	ǰepɨsoǰoǰa
12.84	line	hai
12.85	hole	kua
12.92	like, similar	ǰoɣaha
12.92	like, similar	ǰoǰa
12.92	like, similar	oǰo'ɣʷava
12.93	change	moʔaᵐbue
12.93	change	ɣʷerova
13.0	zero, nothing	papaʔɨ̃
13.0	zero, nothing	ᵐbaʔeve
13.1	one	peteĩ
13.2	two	mokõi
13.3	three	ᵐbohapɨ
13.4	four	iruⁿdɨ
13.5	five	po
13.6	six	poteĩ
13.7	seven	pokõi
13.8	eight	poapɨ
13.9	nine	poruⁿdɨ
13.10	ten	pa
13.101	eleven	pateĩ
13.102	twelve	pakõi
13.103	fifteen	papo
13.104	twenty	mokõipa
13.105	hundred	sa
13.106	thousand	su
13.107	count	papa
13.14	every, all	maɨma
13.14	every, all	opa
13.14	every, all	opavave
13.14	every, all	ɲavõ
13.15	much, many	heta
13.16	more	ve
13.16	more	hetave
13.17	little (quantity), few	ᵐbovɨ
13.17	little (quantity), few	mičĩ
13.18	enough	he'tama
13.18	enough	hetaporã
13.181	some	ᵐbaʔe
13.19	multitude, crowd	atɨɣʷasu
13.19	multitude, crowd	teta
13.21	full	henɨhẽ
13.22	empty	naⁿdi
13.23	part, piece	pehẽŋʷe
13.23	part, piece	vore
13.24	half	kuʔa
13.24	half	ᵐbɨte
13.33	alone, only	aɲo
13.33	alone, only	ⁿte
13.33	alone, only	maⁿte
13.34	first	peteiha
13.34	first	peteĩha
13.35	last	ipahaɣʷe
13.35	last	paha
13.36	second	mokõiha
13.37	pair	mokõi
13.37	pair	kõi
13.38	two times	mokõiǰevɨ
13.42	third	ᵐbohapɨha
13.44	three times	ᵐbohapɨǰevɨ
14.11	time	'ara
14.12	age	araǰere
14.13	new	pɨahu
14.14	young	kɨrɨ̃i
14.14	young	mitã
14.14	young	pɨahu
14.15	old	tuǰa
14.16	early	voi
14.17	late	ɲeᵐbopɨhare
14.17	late	kaʔaru
14.18	now	ãɣa
14.18	now	ko'ãɣa
14.19	immediately	maⁿdi
14.19	immediately	koʔãɣaite
14.21	swift, fast, quick	pɨaʔe
14.21	swift, fast, quick	hatã
14.21	swift, fast, quick	voi
14.22	slow	ᵐbeɣʷe
14.23	hasten, hurry	raŋea'havo
14.23	hasten, hurry	pɨaʔe
14.23	hasten, hurry	taŋe
14.24	retard, delay	ᵐboʔare
14.24	retard, delay	are
14.24	retard, delay	moᵐbuku
14.25	begin, beginning	ɲepɨrũ
14.252	last, endure	are
14.26	end (temporal)	paha
14.27	finish	ᵐbopaha
14.27	finish	pa
14.28	cease, stop	ᵐbopaha
14.28	cease, stop	pɨta
14.29	ready	haʔeve
14.29	ready	poǰava
14.31	always	a'koiⁿte
14.31	always	tapia
14.31	always	meme
14.32	often	maⁿterei
14.32	often	pɨʔɨ̃i
14.33	sometimes	sapɨʔapɨʔa
14.33	sometimes	a'mome
14.331	soon	pɨaʔe
14.331	soon	voi
14.332	long-time (for a)	are
14.34	never	arakaʔeve
14.35	again	ǰevɨ
14.35	again	ǰeɨ
14.41	day	'ara
14.42	night	pɨhare
14.43	dawn	koʔẽtĩ
14.43	dawn	koʔẽ
14.44	morning	pɨhareve
14.45	noon, midday	asaǰe
14.45	noon, midday	asaǰepɨte
14.451	afternoon	kaʔaru
14.46	evening	areterenoⁿdeɣʷa
14.46	evening	kaʔa'ruma
14.47	today	ko'ʔarape
14.47	today	ko'ʔara
14.48	tomorrow	koʔẽrõ
14.481	day-after-tomorrow	koʔẽaᵐbuerõ
14.49	yesterday	kuehe
14.491	day-before-yesterday	kueheʔaᵐbue
14.491	day-before-yesterday	kokuehe
14.51	hour	aravo
14.53	clock, timepiece	aravopapaha
14.61	week	arapokõitɨ
14.61	week	araapopuku
14.62	Sunday	arateĩ
14.62	Sunday	aretetapia
14.63	Monday	arakõi
14.64	Tuesday	araapɨ
14.65	Wednesday	araruⁿdɨ
14.66	Thursday	arapo
14.67	Friday	arapoteĩ
14.68	Saturday	arapokõi
14.71	month	ǰasɨǰere
14.71	month	ǰasɨ
14.73	year	araǰere
14.73	year	roʔɨ
14.73	year	arɨ
14.74	winter	araroʔɨ
14.75	spring	arapotĩ
14.75	spring	arahakuve
14.76	summer	arahaku
14.77	autumn	toɣʷeʔa
14.77	autumn	'araroʔɨve
14.78	season	araǰere
15.21	smell (vb intrans)	hɨakuã
15.212	sniff	hetũhetũ
15.22	smell (vb trans)	aⁿdu
15.22	smell (vb trans)	hetũ
15.25	fragrant, good smelling	hɨakuãporã
15.25	fragrant, good smelling	hɨakuãvu
15.26	stinking, bad smelling	tɨakuãvai
15.26	stinking, bad smelling	ne
15.26	stinking, bad smelling	katĩ
15.31	taste	haʔã
15.31	taste	kũᵐbɨ
15.35	sweet	ᵐbaʔeheʔẽ
15.35	sweet	heʔẽ
15.36	salty	heʔẽǰukɨ
15.36	salty	heʔẽ
15.37	bitter	ro
15.38	acid, sour	'hai
15.39	brackish	heʔẽǰukɨ
15.41	hear	heⁿdu
15.42	listen	heⁿdu
15.42	listen	ǰapɨsaka
15.44	sound, noise	pu
15.44	sound, noise	tɨapu
15.45	loud	hɨa'puva
15.45	loud	aɨvu
15.45	loud	tɨapu
15.46	quiet, silence	kirirĩ
15.51	see	heča
15.52	look, look at	maʔẽ
15.52	look, look at	maɲa
15.55	show	hečauka
15.56	shine	vera
15.57	bright	ve'rava
15.61	color	saʔɨ
15.62	light (in color)	hesakã
15.62	light (in color)	sakã
15.63	dark (in color)	ɨpɨtũ
15.64	white	morotĩ
15.65	black	hũ
15.66	red	pɨtã
15.67	blue	hovɨ
15.68	green	hovɨ
15.69	yellow	saʔɨǰu
15.69	yellow	ǰu
15.71	touch	poko
15.712	pinch	pičãi
15.72	feel	aⁿdu
15.72	feel	ɲaⁿdu
15.74	hard	hatã
15.75	soft	huʔũ
15.76	rough	ko'ročo
15.77	smooth	'sɨ̃i
15.78	sharp	haiᵐbe
15.79	blunt, dull	hakuaʔɨ̃va
15.79	blunt, dull	haiŋa
15.81	heavy	po'hɨi
15.82	light (in weight)	ve'vui
15.83	wet, damp	hɨkue
15.83	wet, damp	akɨ̃
15.84	dry	kã
15.85	hot	haku
15.851	warm	hakuvɨ
15.86	cold	roʔɨ
15.86	cold	ho'ʔɨsã
15.87	clean	potĩ
15.88	dirty, soiled	kɨʔa
15.89	wrinkled	čaʔĩ
16.11	soul, spirit	'aŋa
16.11	soul, spirit	ã
16.11	soul, spirit	pɨtu
16.15	surprised, astonished	ipɨʔa'ⁿdɨi
16.15	surprised, astonished	pɨʔa'ⁿdɨi
16.15	surprised, astonished	ǰuruǰa
16.18	good fortune, luck	poʔa
16.19	misfortune, bad luck	pane
16.23	joyful, glad, happy	horɨ
16.23	joyful, glad, happy	vɨʔa
16.25	laugh	puka
16.251	smile	pukavɨ
16.26	play	ɲeᵐbosa'rai
16.26	play	mosaraᵐbi
16.27	love	pota
16.27	love	haɨhu
16.29	kiss	hetũ
16.29	kiss	ǰurupɨte
16.3	embrace	aɲuã
16.31	pain	tasɨ
16.32	grief, sorrow, sadness	ɲeᵐbɨasɨ
16.33	anxiety, worry	aᵑgata
16.33	anxiety, worry	ǰepɨʔapɨ
16.34	regret, be sorry	ǰaheʔo
16.34	regret, be sorry	ᵐbɨasɨ
16.34	regret, be sorry	roᵐbɨasɨ
16.35	pity	poriahuvereko
16.37	cry, weep	ǰaheʔo
16.37	cry, weep	hasẽ
16.38	tear (noun)	tesaɨ
16.39	groan	pɨahẽ
16.41	hate	pɨʔakoʔõ
16.41	hate	roʔɨrõ
16.41	hate	pɨʔaro
16.42	anger	počɨ
16.44	envy, jealousy	ɣʷerekose
16.44	envy, jealousy	pɨʔarasɨ
16.44	envy, jealousy	takateʔɨ̃
16.45	shame (noun)	otĩvareko
16.45	shame (noun)	ɲemotĩ
16.48	proud	oǰeǰa'pova
16.48	proud	oǰero'vuva
16.51	dare	tovaʔatã
16.51	dare	ɲarõ
16.52	brave	pɨʔaɣʷasu
16.53	fear, fright	kɨhɨǰe
16.53	fear, fright	pɨʔamirĩ
16.54	danger	kɨhɨǰeha
16.54	danger	moŋɨhɨǰeha
16.62	desire, want	teᵐbipota
16.62	desire, want	pɨaho
16.62	desire, want	aŋata
16.622	choose	poravo
16.63	hope	ǰerovia
16.63	hope	taʔarõ
16.65	faithful	hekopeteoi'kova
16.66	true	aɲe'teva
16.66	true	ete
16.66	true	ite
16.66	true	aɲeteɣʷa
16.67	lie, tell lies	ǰapu
16.68	deceit	ᵐbotavɨ
16.68	deceit	pokarẽ
16.69	forgive	ɲeᵐbopočɨhara
16.69	forgive	ɲɨrõ
16.71	good	maraᵑgatu
16.71	good	porã
16.71	good	pɨʔaporã
16.72	bad	ɲaɲa
16.72	bad	aɲa
16.73	right, correct	oĩporã
16.73	right, correct	hekokatu
16.73	right, correct	hekoporã
16.74	wrong	hekopeʔɨ̃
16.74	wrong	oǰa'vɨva
16.76	fault	ǰeǰavɨ
16.77	mistake, error	ǰeǰavɨ
16.77	mistake, error	ǰavɨ
16.78	blame	ǰeǰavɨ
16.78	blame	aŋaipa
16.78	blame	marã
16.79	praise	momorã
16.79	praise	ᵐbotuiča
16.81	beautiful	porã
16.82	ugly	vai
16.83	greedy	ika'ruva
16.83	greedy	karu
16.83	greedy	hɨvatãʔɨ̃
16.84	clever	katupɨrɨ
16.84	clever	haʔeve
17.11	mind	apɨtuʔũ
17.11	mind	akãreɲoiɣʷe
17.11	mind	pɨʔamoŋeta
17.13	think (= reflect)	akãŋeta
17.13	think (= reflect)	moʔã
17.13	think (= reflect)	ǰesareko
17.14	think (= be of the opinion)	rovia
17.14	think (= be of the opinion)	moʔã
17.15	believe	rovia
17.16	understand	hečakuaa
17.16	understand	ǰekopɨtɨ
17.17	know	kuaa
17.171	guess	kuaaraẽ
17.172	imitate	haʔaŋa
17.172	imitate	haʔã
17.172	imitate	hekoraʔã
17.18	seem	hiʔã
17.18	seem	ǰoɣʷa
17.19	idea, notion	apɨtuʔũrokɨ
17.19	idea, notion	temimoʔã
17.21	wise	iɲara'ⁿduva
17.21	wise	araⁿdu
17.22	foolish, stupid	tavɨ
17.22	foolish, stupid	'vɨro
17.23	insane, crazy	tarova
17.24	learn	ɲemoaraⁿdu
17.24	learn	tavɨʔo
17.242	study	ɲemoaraⁿdu
17.25	teach	ᵐboʔe
17.26	pupil	temiᵐboʔe
17.27	teacher	ᵐboʔe'hara
17.28	school	ᵐboʔehao
17.31	remember	maⁿduʔa
17.32	forget	tesa'rai
17.32	forget	resa'rai
17.34	clear, plain	tesakã
17.35	obscure	iɲɨpɨtũ
17.35	obscure	pɨtũ
17.36	secret	ɲeʔẽɲemi
17.36	secret	heruŋʷa
17.36	secret	ɲemiᵐbɨ
17.37	sure, certain	aɲete
17.37	sure, certain	katuetei
17.38	explain	mohesakã
17.41	intention, purpose	pɨʔapeteĩ
17.41	intention, purpose	potapɨ
17.41	intention, purpose	teᵐbipota
17.42	cause	apoha
17.42	cause	mo
17.42	cause	ᵐbo
17.43	doubt	pɨʔaheta
17.44	suspect	kuaavɨ
17.44	suspect	ɲemoʔã
17.44	suspect	moʔãvai
17.441	betray	ɣʷasuʔapi
17.441	betray	pɨʔaǰoɨvɨ
17.45	need, necessity	kotevẽ
17.45	need, necessity	tekotevẽ
17.46	easy	ⁿdaha'sɨi
17.47	difficult	hasɨ
17.48	try, attempt	haʔã
17.49	way, manner	teko
17.51	and	ha
17.52	because	ɣʷi
17.53	if	rõ
17.53	if	ramo
17.54	or	'tẽra
17.55	yes, affirmative	heẽ
17.56	no, negative	na'haniri
17.61	how?	ᵐba'ʔeiča
17.62	how many?	ᵐbo'ɨpa
17.63	how much?	ᵐbo'ɨpa
17.64	what?	ᵐba'ʔepa
17.65	when?	arakaʔe
17.66	where?	moõ
17.67	which?	'mava
17.67	which?	ᵐba'e
17.68	who?	'mavapa
17.69	why?	ᵐba'ʔere
18.11	voice	ɲeʔẽ
18.11	voice	ahɨʔo
18.12	sing	pura'hei
18.13	shout, cry out	sapu'kai
18.15	whisper	ɲeʔẽɣʷɨɣʷɨ
18.16	mumble	ɲerãisuʔu
18.16	mumble	ɲeʔẽŋu
18.16	mumble	ɲeʔẽtavɨ
18.17	whistle	turuɲeʔẽ
18.18	shriek, screech	čiã
18.18	shriek, screech	čiaʔã
18.19	howl	ɣʷahu
18.21	speak, talk	ɲeʔẽ
18.211	stutter, stammer	ɲeʔẽpɨtapɨta
18.211	stutter, stammer	ɲeʔẽpaʔã
18.211	stutter, stammer	kũᵐbe
18.22	say	e
18.22	say	i
18.22	say	ǰe
18.221	tell story	ᵐbaʔemoᵐbeʔu
18.221	tell story	moᵐbeʔu
18.222	speech (make a)	ɲemoɲeʔẽ
18.222	speech (make a)	ǰeǰuruʔo
18.23	silent (be)	kirirĩ
18.24	language	ɲeʔẽ
18.26	word	ɲeʔẽ
18.28	name	'tera
18.31	ask (question, inquire)	poraⁿdu
18.32	answer	ᵐboho'vai
18.33	admit, confess	moneĩ
18.33	admit, confess	ɲemoᵐbeʔu
18.34	deny	ᵐbotove
18.35	ask, request	ǰerure
18.36	promise	ɲeʔẽmeʔẽ
18.37	refuse	tove
18.38	forbid	ⁿdoǰehe'ǰai
18.38	forbid	ǰeǰapoʔɨ̃vaʔerã
18.39	rebuke, scold	ᵐbokavaǰu
18.39	rebuke, scold	ǰaʔo
18.39	rebuke, scold	korõi
18.41	call (=summon)	he'noi
18.42	call (=name)	'tera
18.42	call (=name)	'rera
18.43	announce	momaraⁿdu
18.44	threaten	ǰaʔo
18.44	threaten	haʔaŋa
18.45	boast	ǰerovu
18.45	boast	ǰeǰapo
18.51	write	hai
18.52	read	moɲeʔẽ
18.56	paper	kuatia
18.57	pen	haiha
18.61	book	kuatiaɲeʔẽ
18.67	poet	ɲeʔẽɨvotɨ'hara
18.67	poet	ɲeʔẽpa'para
18.71	flute	miᵐbɨ
18.72	drum	aᵑguʔatara
18.72	drum	aŋuʔatarara
18.73	horn, trumpet	turu
18.74	rattle	ɨvɨrapu
18.74	rattle	katakata
19.11	country	tetã
19.12	one's native country	tetã
19.15	city, town	'tava
19.15	city, town	tavaɣʷasu
19.16	village	'tava
19.17	boundary	teᵐbeʔɨ
19.17	boundary	apɨ
19.17	boundary	a'pɨra
19.21	people (populace)	ɨvɨ'pora
19.21	people (populace)	tetãɨɣʷaatɨ
19.23	tribe, clan	avaʔa'tɨra
19.23	tribe, clan	teʔɨ̃i
19.24	chief, chieftain	ᵐburuviča
19.25	staff, walking stick	pokoka
19.25	staff, walking stick	ǰeǰokoha
19.31	rule, govern	sãᵐbɨkɨ
19.31	rule, govern	saᵐbɨhɨ
19.31	rule, govern	ǰo'kuai
19.32	king, ruler	tetãreⁿdota
19.32	king, ruler	teⁿdota
19.33	queen	kuɲaporã
19.33	queen	teⁿdotakuɲa
19.36	noble, nobleman	aŋaturã
19.36	noble, nobleman	maraŋatu
19.37	citizen, subject	tavaɨɣʷa
19.37	citizen, subject	tetãɣʷa
19.37	citizen, subject	po'ɣʷɨpeɣʷa
19.41	master	'ǰara
19.41	master	terekua
19.42	slave	teᵐbiǰo'kuai
19.43	servant	teᵐbi'ɣʷai
19.43	servant	ha
19.44	freeman	kuiᵐbaʔehaʔeɲo
19.44	freeman	karai
19.45	command, order	ɣʷerahauka
19.45	command, order	moⁿdo
19.45	command, order	ǰeǰapouka
19.46	obey	ɲeʔẽreⁿdu
19.46	obey	ᵐboʔaǰe
19.47	let, permit	heǰa
19.51	friend, companion	aᵑgirũ
19.51	friend, companion	irũ
19.52	enemy	ⁿdoporohaɨ'huiva
19.52	enemy	ǰaʔeʔɨ̃
19.52	enemy	raɨhuʔɨ̃
19.52	enemy	iruʔɨ̃
19.54	neighbor	oɣaɨkeɣʷa
19.54	neighbor	oɣapɨpeɣa
19.54	neighbor	ɨkereɣʷa
19.55	stranger	pɨtaɣʷa
19.56	guest	ᵐbohupa
19.57	host	moᵐbɨta'hara
19.57	host	ᵐbohuparã
19.58	help, aid	pɨtɨvõ
19.59	hinder, prevent	ǰoko
19.59	hinder, prevent	mopaʔã
19.61	custom	ǰepokuaa
19.61	custom	teko
19.62	strife, quarrel	ɲorairõ
19.63	conspiracy, plot	ɲepuʔãse
19.63	conspiracy, plot	ɣʷɨrɨrɨ
19.65	meet	ǰuhu
19.65	meet	ɲuɣʷaitĩ
19.72	prostitute	kuɲarekovai
20.11	fight (vb)	ɲorairõ
20.13	war, battle	ɲorairõ
20.13	war, battle	ɲorairoɣʷasu
20.14	peace	pɨʔaɣʷapɨ
20.15	army	ɣʷarinieta
20.17	soldier	tetãreᵐbi'ɣʷai
20.21	weapons, arms	poǰoapɨ
20.22	club	vororei
20.22	club	takape
20.222	battle-ax	ǰiakãŋʷaɲorãirõrã
20.222	battle-ax	akãŋʷ
20.23	sling	itasã
20.24	bow	ɨvɨrapa
20.24	bow	ɣʷɨrapa
20.25	arrow	huʔɨ
20.26	spear	huʔɨ
20.26	spear	miᵐbuku
20.27	sword	kɨsepuku
20.28	gun, cannon	ᵐboka
20.31	armor (defensive)	temiɲua
20.33	helmet	akaŋaovata
20.34	shield	taʔaŋa
20.35	fortress	tekoᵐbarete
20.36	tower	itapureⁿda
20.41	victory	puʔakã
20.41	victory	akãrapuʔã
20.42	defeat	puʔakahese
20.42	defeat	ᵐbuepoti
20.43	attack	kaɣʷai
20.43	attack	rairõ
20.44	defend	moʔã
20.44	defend	ɲuvã
20.45	retreat	ɲemohaʔeɲo
20.45	retreat	ɣʷari
20.45	retreat	piã
20.46	surrender	motiⁿdɨ
20.46	surrender	ɲemoĩpo'ɣʷɨpe
20.47	captive, prisoner	monaᵐbipɨre
20.47	captive, prisoner	teᵐbiǰo'kuai
20.471	guard, sentinel	maɲa'ⁿdara
20.471	guard, sentinel	maɲa'ⁿdava
20.48	booty, spoils	heǰapɨre
20.49	ambush	moɲuhã
20.49	ambush	haperaʔarõ
20.51	fisherman	pirakutuha
20.52	fishhook	piⁿda
20.53	fishing line	piramosãha
20.54	fishnet	pɨha
20.54	fishnet	piraɲuhã
20.55	fish trap	piraro'kai
20.56	bait	soʔokɨra
20.56	bait	pirareᵐbiʔu
20.61	hunt	ɣʷɨraʔapi
20.61	hunt	tɨᵐbaapi
20.62	shoot	haʔã
20.62	shoot	ǰapi
20.62	shoot	ᵐbokapu
20.63	miss (target)	ǰavɨ
20.63	miss (target)	ⁿdo'koi
20.64	trap (noun)	ɲuhã
20.65	trap (vb)	popaʔã
21.11	law	tekorape
21.15	court	moheⁿdareⁿda
21.16	judge (vb)	moheⁿda
21.16	judge (vb)	moʔã
21.17	judgment	tekoǰoǰareᵐbiapo
21.17	judgment	ɲemoheⁿda
21.18	judge (noun)	moheⁿda'hara
21.18	judge (noun)	ɨvɨra'ǰara
21.18	judge (noun)	ɨvɨraǰa
21.21	plaintiff	ǰoǰarekaha
21.22	defendant	moʔã'hara
21.22	defendant	ǰekaɣʷaiha
21.23	witness	hečahare
21.23	witness	heⁿduhare
21.24	swear	tupãŋɨʔa
21.24	swear	ɲeʔẽmeʔẽ
21.25	oath	ɲeʔẽmeʔẽ
21.31	accuse	moᵐbeʔu
21.32	condemn	moanᵑgaipa
21.32	condemn	ᵐboǰa
21.33	convict (vb)	ǰeǰavɨčauka
21.34	acquit	ǰora
21.34	acquit	moɲɨrõ
21.35	guilty	iɲaŋai'pava
21.35	guilty	aŋai'pava
21.35	guilty	marãva
21.36	innocent	ipɨʔapotĩva
21.36	innocent	marãɨ̃
21.36	innocent	aŋaipaʔɨ̃
21.37	penalty, punishment	ɲenupã
21.37	penalty, punishment	ᵐbɨepoti
21.38	fine	pɨhorepɨkue
21.39	prison, jail	ɨvɨrakua
21.39	prison, jail	kaʔirãi
21.42	murder	ǰeǰukarei
21.42	murder	ǰeǰuka
21.43	adultery	momokõi
21.44	rape	ɲerairõ
21.46	arson	ǰehapɨ
21.47	perjury	ɲeʔẽmeʔẽɣʷaʔu
21.51	steal	moⁿda
21.51	steal	ǰavɨkɨ
21.52	thief	moⁿdaha
21.52	thief	sope
21.52	thief	popiⁿda
