@classification: Afro-Asiatic,Cushitic,East,Dullay
@iso: gwd
@language: Gawwada
@size: 1036
@source: wold
@variety: std
1.1	world	ʔalame
1.21	earth, land	piye
1.212	earth=ground, soil	piye
1.213	dust	tullufo
1.214	mud	tawle
1.214	mud	coqqollo
1.215	sand	tahakko
1.22	mountain, hill	ɠupo
1.222	cliff, precipice	polle
1.222	cliff, precipice	ɠaɗo
1.23	plain, field	leʕakko
1.24	valley	fokolho
1.27	shore	kollepako
1.27	shore	pasopako
1.28	cave	xoqno
1.31	water	ʕanɗe
1.322	calm (of sea)	ʔí=ʕakkaɗa
1.323	rough (of sea)	ʔí=kantulama
1.324	foam	roompo
1.33	lake	paso
1.342	reef	pokke
1.36	river, stream, brook	kolle
1.362	whirlpool	lofoqqo
1.37	spring, well	ʕeelho
1.39	waterfall	ʔí=t’aarama
1.41	woods, forest	horro
1.43	wood	kaarko
1.44	stone, rock	ʔikaħko
1.45	earthquake	piyeʔí=heereʔti
1.51	sky	muunt’o
1.52	sun	hallikko
1.53	moon	leʕʕo
1.54	star	huske
1.55	lightning	kawwaʕkoʔí=paqa
1.56	thunder	kawwaʕkoʔí=ħeereʔi
1.57	lightning (as striking)	kawwaʕko
1.58	storm	ʔaspitte
1.59	rainbow	makarte
1.61	light (noun)	hammakko
1.62	darkness	kumminko
1.63	shade, shadow	kaasse
1.64	dew	saɗahe
1.71	air	hafurko
1.72	wind	ʔuruure
1.73	cloud	ʔurratte
1.74	fog	qayanqayo
1.75	rain (noun)	ʔirrawo
1.76	snow (noun)	ʔaspitte
1.77	ice	ʔaspitte
1.81	fire	xatte
1.82	flame (noun)	xatte
1.83	smoke (noun)	kuute
1.84	ashes	tarʕo
1.841	embers	porxo
1.851	burn (vb trans)	ɗil
1.851	burn (vb trans)	šaʔas
1.852	burn (vb intrans)	šaʔ
1.86	light, kindle, ignite	hokki
1.86	light, kindle, ignite	hok
1.861	extinguish	ʔimas
1.87	match (noun)	kipraate
1.88	firewood	kaarehokete
1.89	charcoal	k’ace
2.1	person, human being	qawho
2.21	man (vs. woman)	qawho
2.22	woman	hiske
2.23	male	xorunko
2.24	female	neehte
2.25	boy	šaamɓo
2.251	young man (adolescent)	šaamɓo
2.26	girl	šeette
2.261	young woman (adolescent)	šeette
2.27	child	miʔaye
2.28	infant, baby	miʔaye
2.31	husband	halho
2.32	wife	nahaye
2.33	marry	ʔakki
2.33	marry	ʔakkaɗ
2.34	marriage, wedding	haantaɗɗe
2.35	father	ʔappa
2.36	mother	yaaye
2.37	parents	ʔappa=payaaye
2.38	married man	qawho
2.39	married woman	hiske
2.41	son	qarunko
2.42	daughter	qarunte
2.43	offspring (son or daughter)	miʔaye
2.444	older brother	ʔalawho
2.445	younger brother	ʕaso
2.454	older sister	ʔalawte
2.455	younger sister	ʕase
2.458	twins	sallahme
2.46	grandfather	ʔakkawo
2.461	old man	keešakko
2.47	grandmother	kaakka
2.471	old woman	keešatte
2.48	grandson	ʔopoopko
2.49	granddaughter	ʔopoopte
2.511	mother's brother	ʔapiya
2.512	father's brother	ʔappaɗamma
2.521	mother's sister	yaayeɗammay
2.522	father's sister	maamma
2.53	nephew	miʔayeʕasito
2.54	niece	miʔayeʕasito
2.56	ancestors	ʔahaaho
2.57	descendants	ʔahke
2.61	father-in-law (of a man)	taatte
2.611	father-in-law (of a woman)	taatte
2.62	mother-in-law (of a man)	taattite
2.621	mother-in-law (of a woman)	taattite
2.63	son-in-law (of a man)	ʔašinko
2.64	daughter-in-law (of a man)	ʔašinte
2.641	daughter-in-law (of a woman)	ʔašinte
2.71	stepfather	ʔappatakkaya
2.72	stepmother	yaayotakkayay
2.73	stepson	sooko
2.74	stepdaughter	sookitte
2.75	orphan	hiyakko
2.76	widow	hiyatte
2.77	widower	hiyakko
2.81	relatives, kinsmen	kafko
2.82	family	ʔahke
2.91	I	ʔano
2.92	you (singular)	ʔato
2.93	he/she/it	ʔiso
2.94	we	ʔine
2.95	you (plural)	hune
2.96	they	ʔusunɗe
3.11	animal	ʔaake
3.12	male (adj)	xorunko
3.13	female (adj)	neehte
3.15	livestock	qole
3.16	pasture	ʕaško
3.19	stable, stall	keero
3.21	bull	ʔoyfana
3.22	ox	sopore
3.22	ox	ʕarɗo
3.23	cow	loʔo
3.24	calf	ʔokkatakko
3.25	sheep	ʕeemte
3.26	ram	ʕorpo
3.28	ewe	ʕeemte
3.29	lamb	miʔayeʕeemtatte
3.32	boar	karkarko
3.35	pig	luume
3.36	goat	talte
3.37	he-goat	ɠopolho
3.38	kid	piʕaame
3.41	horse (equine)	kaanke
3.42	stallion	kaankitto
3.44	mare	kaankitte
3.45	foal, colt	miʔayekaankatte
3.46	ass, donkey	haarre
3.47	mule	farto
3.5	fowl	cucuwe
3.52	cock, rooster	cucuwitto
3.54	hen	cucuwitte
3.55	chicken	lukkale
3.58	nest	minneʔaakete
3.581	bird	ʔaake
3.584	eagle	ʔallapattaye
3.585	hawk	sooripakko
3.586	vulture	ʔayaapto
3.591	bat	xipire
3.593	crow	k’urico
3.594	dove	ʔalalo
3.596	owl	punkuso
3.61	dog	xaro
3.614	rabbit	kupale
3.62	cat	ʔaturre
3.63	mouse, rat	taapakko
3.65	fish	xaare
3.652	fin (dorsal)	xire
3.72	lion	karmo
3.76	monkey	kelso
3.77	elephant	ʔarapko
3.78	camel	farto
3.81	insect	ʔaakepiyatte
3.811	louse	ʔisqaye
3.812	nit (louse egg)	kut’uro
3.813	flea	maškare
3.814	centipede	hankaraaro
3.815	scorpion	kayto
3.816	cockroach	hamo
3.817	ant	šiišaalle
3.818	spider	kasse
3.819	spider web	xarrapatte
3.82	bee	t’oonaqo
3.821	beeswax	kurre
3.822	beehive	šawte
3.823	wasp	ʔamure
3.83	fly	ʔinnakko
3.832	mosquito	cinko
3.84	worm	soporqo
3.85	snake	tawo
3.91	firefly	teeqo
3.92	butterfly	karmakataale
3.93	grasshopper	kaakka
3.93	grasshopper	karrawo
3.94	snail	qooɗe
3.95	frog	mukuʕitte
3.96	lizard	hapaappe
3.97	crocodile, alligator	xaaro
3.98	turtle	hupe
4.11	body	piško
4.12	skin, hide	xaɓo
4.13	flesh	sakanko
4.14	hair (head)	kat’o
4.142	beard	puše
4.144	body hair	kat’o
4.145	pubic hair	posikte
4.146	dandruff	korʔomo
4.15	blood	ceeqte
4.151	vein, artery	hitte
4.16	bone	meqte
4.162	rib	ɠinaʕitte
4.17	horn	kaattakko
4.18	tail	siito
4.19	back	konnatto
4.191	spine	yurxe
4.2	head	pukkaʕte
4.201	side of head, temple	palpalle
4.202	skull	pukkaʕte
4.203	brain	nono
4.204	face	miinte
4.205	forehead	miinte
4.207	jaw	kawkawe
4.208	cheek	ʕaɗo
4.209	chin	kawso
4.21	eye	ʔixte
4.212	eyebrow	teeme
4.213	eyelid	teeme
4.214	eyelash	teeme
4.215	blink	ripripis
4.22	ear	qaame
4.221	earlobe	qaame
4.222	earwax	qooro
4.23	nose	sinte
4.231	nostril	sintitte
4.232	mucus (nasal)	ʕarmo
4.24	mouth	pako
4.241	beak	pakoʔaakittatte
4.25	lip	xiɓte
4.26	tongue	ʔarraapko
4.27	tooth	ʔilke
4.271	gums	ʕeerto
4.272	molartooth	ʕanɠo
4.28	neck	ʔamo
4.281	nape of neck	ʔamo
4.29	throat	koomaro
4.3	shoulder	hašitto
4.301	shoulderblade	hašitto
4.302	collarbone	hašitto
4.31	arm	harɠo
4.312	armpit	toloqoloqqe
4.32	elbow	t’ihile
4.321	wrist	harɠo
4.33	hand	harɠo
4.331	palm of hand	kanaʕe
4.34	finger	ɠuʕakko
4.342	thumb	ɠuʕakkoɗamma
4.344	fingernail	sonqe
4.345	claw	ɠuʕakko
4.35	leg	lukte
4.351	thigh	tafo
4.352	calf of leg	t’innife
4.36	knee	kilpayo
4.37	foot	lukte
4.371	ankle	qurcumcimitte
4.372	heel	lukte
4.374	footprint	hopanto
4.38	toe	ɠuʕakko
4.392	wing	hoolo
4.393	feather	hoolo
4.393	feather	solaane
4.4	chest	ʔeero
4.41	breast (of woman)	ʕaɗunko
4.412	nipple, teat	ʕaɗunko
4.42	udder	ʕaɗunko
4.42	udder	kante
4.43	navel	hunɗurte
4.44	heart	saʕako
4.441	lung	kofine
4.45	liver	tire
4.451	kidney	ʔusʕe
4.452	spleen	laanɗe
4.46	stomach	karʕitto
4.461	intestines, guts	merʕimme
4.462	waist	kuuɗe
4.463	hip	lapša
4.464	buttocks	turɠe
4.47	womb	mano
4.49	testicle	ʔukaahe
4.492	penis	lawte
4.51	breathe, breath	nassaɗ
4.52	yawn, gape	šaammašaɗ
4.521	hiccough	ʔeqaɗ
4.53	cough	tula
4.54	sneeze	qišaɗ
4.55	perspire	siippi
4.56	spit	tuf
4.57	vomit	fat
4.58	bite	qaw
4.59	lick	qeeca
4.591	dribble	waarakkooɗ
4.61	sleep	raf
4.612	snore	hoorees
4.62	dream	ʔulseeɗ
4.63	wake up	haʕ
4.64	break wind	šiɠ
4.65	urinate	šooha
4.66	defecate	yoqom
4.67	have sexual intercourse	nuɠa
4.68	shiver	hotol
4.69	bathe	šohom
4.71	beget (of father)	ɗal
4.72	born (to be)	ɗalaɗ
4.73	pregnant	rimay
4.732	conceive	šeek
4.74	live, living, life	nafsatteʕak
4.75	die, dead	far
4.751	drowned	hul
4.76	kill	poɠ
4.77	corpse	pukkaʕo
4.78	bury (the dead)	maay
4.79	grave, tomb	hawle
4.81	strong, mighty, powerful	haʕampakko
4.82	weak	sanafe
4.83	well, health	heet’a
4.84	sick, sickness	ʔí=powaʕi
4.841	fever	torno
4.842	goiter	raante
4.843	cold (catarrh)	ʔošonko
4.85	wound, sore	payše
4.852	bruise	mart’aat’aʕako
4.853	swelling	poqakko
4.854	itch	qoššo
4.855	blister	filše
4.856	boil (noun)	sinitto
4.857	pus	maalahte
4.858	scar	paatanko
4.86	cure, heal	ɗinis
4.87	physician	ʔakime
4.88	medicine, drug	kinine
4.89	poison	laahko
4.91	tired, weary	ʔí=tarɗi
4.912	rest	sallaɗ
4.92	lazy	sakitte
4.93	bald	maalolakko
4.94	lame	toonnakko
4.95	deaf	ɗakkakko
4.96	mute	muumanakko
4.97	blind	taafakko
4.98	intoxicated	ʔí=waršooɗi
4.99	naked, bare	hinaʕatte
5.11	eat	yiʔa
5.12	food	yiʔto
5.121	cooked	ʔí=ʔawši
5.122	raw	ye=ʔawšú
5.123	ripe	ʔí=ɓoqqi
5.123	ripe	ʔí=šaʔi
5.124	green, unripe	ye=šaʔú
5.125	rotten	ʔí=harkišami
5.13	drink	ʕuk
5.14	hunger	puffi
5.141	famine	puffaʕe
5.15	thirst	teepooɗ
5.16	suck	šura
5.18	chew	qaan
5.181	swallow	loq
5.19	choke	niik
5.21	cook	ʔawšaš
5.22	boil (vb)	tor
5.23	roast, fry	šakaaš
5.24	bake	ɗil
5.26	pot, cooking vessel	sikte
5.27	kettle	tiste
5.28	pan	paytakko
5.31	dish	taanko
5.32	plate	taanko
5.33	bowl	šullo
5.34	pitcher, jug	šullo
5.35	cup, drinking vessel	šaaɗɗe
5.37	spoon	kaale
5.391	tongs	k’apitte
5.41	meal (a)	yiʔto
5.42	breakfast	sinkattohaaše
5.43	lunch	piife
5.44	dinner	koyakko
5.45	supper	ʔeese
5.46	peel	feet’
5.47	sieve, strain	tak
5.48	scrape	xaš
5.49	stir, mix	lax
5.51	bread	ɗilanko
5.53	dough	pukeesa
5.54	knead	sap
5.55	meal, flour	ɗaammo
5.56	crush, grind	toluy
5.58	mortar	ʔutmalo
5.59	pestle	tupaynakko
5.61	meat	sakanko
5.64	soup, broth	xaaraɓɓo
5.65	vegetables	tiišto
5.66	bean	paqeela
5.66	bean	ʔalquqa
5.7	potato	tinniša
5.71	fruit	ʔawšo
5.79	oil	zayte
5.81	salt	soqo
5.821	chili pepper	parpaare
5.84	honey	sakmo
5.85	sugar	šaahe
5.86	milk (noun)	ʔorhe
5.87	milk (vb)	qoxa
5.89	butter	šiinanko
5.9	beverage, drink	ʕukto
5.91	mead	tayye
5.93	beer	piira
5.94	fermented drink	warše
5.97	egg	ʔukaahe
5.971	egg yolk	mišilte
6.11	put on (clothes)	ʕaɗɗaɗ
6.12	clothing, clothes	laalle
6.13	tailor	hawɗatto
6.21	cloth	k’acare
6.24	cotton	saaqe
6.28	fur	tooško
6.29	leather	šaranko
6.29	leather	xaɓo
6.29	leather	ʕillo
6.31	spin	ɓoqqos
6.32	spindle	kume
6.33	weave	piir
6.34	loom	maxehawɗattito
6.35	sew	teel
6.36	needle	marfe
6.38	thread	ʔoyehe
6.42	woman's dress	suufa
6.44	shirt	koote
6.46	skirt	parante
6.48	trousers	pokke
6.49	stocking, sock	kalse
6.51	shoe	xope
6.55	hat, cap	k’ope
6.57	belt, girdle	sak’k’e
6.61	pocket	kiise
6.73	ring (for finger)	cifoote
6.74	bracelet	qašawa
6.74	bracelet	sakaye
6.75	necklace	yaake
6.75	necklace	ɗamʕatto
6.76	bead	tooqa
6.77	earring	lootote
6.78	headband, headdress	kompo
6.79	tattoo	hak’e
6.81	handkerchief, rag	ʔoošakko
6.91	comb	silmakko
6.91	comb	mapattarrakko
6.92	brush	maakayso
6.921	braid	šurruppitte
6.93	razor	cikkire
6.94	ointment	šiinanko
6.95	soap	saamuna
6.96	mirror	ʔeemaɗo
7.11	dwell, live	ʕak
7.12	house	minne
7.13	hut	rokke
7.15	yard, court	ɠinte
7.22	door, gate	mankahe
7.221	doorpost, jamb	qupullo
7.24	key	k’ulfe
7.25	window	maskoote
7.26	floor	piye
7.27	wall	ɠaɗo
7.31	fireplace	ʔoske
7.32	stove	ʔoske
7.37	ladder	šaanšikko
7.42	bed	xarpe
7.43	chair	ʕakkatto
7.45	lamp, torch	patri
7.46	candle	soopa
7.48	trough	taanko
7.51	roof	qaɗɗummo
7.52	thatch	kampeello
7.53	ridgepole	tukko
7.54	rafter	kurantitte
7.55	beam	ɗiiptakko
7.56	post, pole	tukko
7.64	adobe	saalte=pacoqqollo
8.11	farmer	kapare
8.12	field (for cultivation)	pašo
8.15	cultivate, till	koɗ
8.16	fence	ʔoxinte
8.17	ditch	kapte
8.21	plow	koɗ
8.23	spade	ɠotto
8.24	shovel	ɠotto
8.26	fork	ʔirfe
8.27	rake	toosote
8.31	sow	ɗiš
8.311	seed	poɗaho
8.32	mow, reap	ɠima
8.33	sickle, scythe	walitte
8.33	sickle, scythe	macurre
8.34	thresh	yooqa
8.41	crop, harvest	ʔawšašo
8.43	wheat	kaacce
8.44	barley	kaspo
8.47	maize, corn	poqollo
8.51	grass	ʕaško
8.52	hay	ʕaško
8.53	plant (noun)	kaarko
8.531	plant (vb)	ɗiš
8.54	root	hitte
8.55	branch	t’aamme
8.56	leaf	miise
8.57	flower	piso
8.6	tree	kaarko
8.68	tobacco	kayye
8.69	smoke (tobacco)	sitti
8.691	pipe	hoɗoɗo
8.72	tree stump	kulunko
8.73	tree trunk	kulunko
8.74	forked branch	t’aqo
8.75	bark	qooqitte
8.76	sap	ʕartakko
8.81	palm tree	mayt’a
8.84	banana tree	muuse
8.93	gourd	šullo
8.931	pumpkin, squash	poote
8.94	bamboo	laayme
8.941	sugar cane	xawše
8.98	mushroom	ɗumʕe
9.12	work	koɗmo
9.14	bend	toonas
9.15	fold	toonas
9.16	tie, bind	sooq
9.161	untie	qaaš
9.18	chain	sansalate
9.19	rope, cord	teepko
9.19	rope, cord	suro
9.192	knot (noun)	sukke
9.21	strike (hit, beat)	šoq
9.211	pound with fist	tuɓ
9.22	cut	qaq
9.221	cut down	puʕas
9.222	chop, hew	qašaɗ
9.223	stab	ɗot
9.23	knife	pillawo
9.25	ax	ʔirkaʕo
9.251	adze	ʔirkaʕo
9.26	break	konɗi
9.261	broken	ʔí=konɗami
9.27	split	paqqas
9.28	tear	yuut
9.29	flay, skin	fut
9.31	rub, wipe	kuʕ
9.32	stretch	pinkas
9.33	pull	sit
9.34	spread out	ʕaf
9.341	hang up	rakki
9.342	press	kuut’
9.343	squeeze, wring	t’iip
9.35	pour	hoʕʕi
9.36	wash	šoh
9.37	sweep	ʔooš
9.38	broom	ʔoošakko
9.422	tool	maxatto
9.44	build	kuftat
9.46	bore	tuk
9.461	hollow out	poota
9.49	hammer	šoqampakko
9.5	nail	sipilitte
9.56	glue	caqqale
9.6	smith, blacksmith	hawɗattosipilete
9.65	silver	lootote
9.67	iron	sipile
9.69	tin, tinplate	k’ork’orro
9.71	potter	ʔorre
9.71	potter	hawɗattosikkete
9.72	mold (clay etc)	ɗoopa
9.73	clay	piyesikkete
9.74	glass	ʔeemaɗo
9.75	weave, plait	koforees
9.76	basket	kuuco
9.77	mat	ʕafto
9.771	rug	ʕafto
9.791	fan (vb)	xapul
9.81	carve	koɗ
9.88	paint (noun)	k’alame
9.89	paint (vb)	šiin
10.11	move	kantul
10.12	turn over	sukkas
10.13	turn around	hol
10.14	wind, wrap	mar
10.15	roll	sukki
10.16	drop (vb)	puʕas
10.17	twist	piir
10.21	rise	haʕ
10.22	raise, lift	haʕis
10.23	fall	puʕ
10.24	drip	t’oq
10.25	throw	hatap
10.252	catch (ball)	ɠap
10.26	shake	kox
10.32	flow	tuqam
10.33	sink	loqaɗ
10.35	swim	taaha
10.351	dive	cimmi
10.352	splash	tah
10.37	fly (vb)	haʕ
10.38	blow	ʔuffi
10.41	creep, crawl	sitam
10.412	kneel	ɠullaɗ
10.413	crouch	xuuf
10.42	slide, slip	šotaɗ
10.43	jump, leap	sor
10.431	kick	lepuy
10.44	dance	xirip
10.45	walk	ʔašša
10.451	limp	toolaɗ
10.46	run	her
10.47	go	ʔašša
10.471	go up	pah
10.472	climb	haɗɗi
10.473	go down	ʔooɗ
10.474	go out	lik
10.48	come	ʔokaay
10.481	come back	hol
10.49	go away, depart	ʔašša
10.491	disappear	pat
10.51	flee	ɠiʕ
10.52	follow	kalaʔašša
10.53	pursue	kor
10.55	reach, arrive	xafa
10.56	approach	ʔit’uy
10.57	enter	hulli
10.613	carry-on-shoulder	kaakuy
10.62	bring	waaɗ
10.63	send	ʔerak
10.64	lead (vb)	ʔintaw
10.65	drive	kor
10.66	ride	kor
10.67	push, shove	ɗuuk
10.71	road	sano
10.72	path	sano
10.74	bridge	tiltilte
10.76	wheel	qaatitte
10.78	yoke	k’ampara
10.83	boat	ʔokolo
10.852	row (vb)	taan
11.11	have	šeek
11.12	own, possess	šeek
11.13	take	ʔakki
11.14	seize, grasp	ʔakki
11.15	hold	ɠap
11.16	get, obtain	šeek
11.17	keep, retain	ʔerkaɗ
11.18	thing	ʔolokko
11.21	give	teeh
11.22	give back	holas
11.24	preserve, look after	ʔerkaɗ
11.25	save, rescue	ɗinis
11.27	destroy	harkiš
11.28	harm, injure, damage	payšoos
11.31	seek, look for	ɠeeʕ
11.32	find	tay
11.33	lose	patas
11.34	release, let go	pinni
11.43	money	pirre
11.44	coin	saantipe
11.51	rich	šorohitto
11.52	poor	teekolakko
11.53	beggar	sooʕatte
11.61	lend	pasan
11.62	borrow	pattaraɗ
11.69	tax, tribute	k’arat’t’o
11.78	wages	hayye
11.81	buy	pitam
11.82	sell	las
11.83	trade, barter	ʔooh
11.85	market (place)	moore
11.87	price	waaka
11.88	dear (costly, expensive)	pirraɗɗeɗamma
11.89	cheap	k’aca
11.91	share (distribute)	qoot
11.92	weigh	killi
12.11	place	hayto
12.12	put	hawwaɗ
12.13	sit	ʕakkaɗ
12.14	lie down	raf
12.15	stand	šanni
12.16	remain, stay	kayya
12.21	collect, gather	holas
12.21	collect, gather	poħ
12.212	pick up	sooʕa
12.213	pile up	katees
12.22	join, unite	ɗaɠɠap
12.23	separate	ʔillena=sooʕa
12.232	divide	ʔillena=sooʕa
12.24	open	qaaš
12.25	shut, close	qupa
12.26	cover	ʔurkuy
12.27	hide, conceal	ɓaɗ
12.31	high	sikaapa
12.32	low	mahnaʔa
12.33	top	qaro
12.35	end	ħaamo
12.352	pointed	ħot’ulluho
12.353	edge	pokke
12.36	side	karo
12.37	middle, center	kitte
12.41	right (side)	miskitte
12.42	left (side)	pihatte
12.43	near (adv)	ʔit’a
12.44	far (adv)	sikaapa
12.53	grow	fuʔ
12.54	measure	killi
12.55	large, big	ɗamma
12.56	small, little	takkaya
12.57	long	sikaapa
12.58	tall	sikaapa
12.59	short	mahnaʔa
12.61	wide, broad	kartanna
12.62	narrow	tikkaya
12.63	thick (in dimension)	kartanna
12.65	thin (in dimension)	haafakko
12.67	deep	sikaapa
12.68	shallow	mahnaʔa
12.71	flat	leʕakko
12.73	straight	keetaya
12.74	crooked	toonakko
12.75	hook	ɠapte
12.76	corner	konatte
12.77	cross	palante
12.81	round	ɗaananko
12.82	circle	mulmulho
12.83	sphere, ball	kase
12.84	line	sante
12.85	hole	xoqno
12.92	like, similar	lik
12.93	change	ʔooh
13.1	one	huɗan
13.101	eleven	huɗɗa=patoʔon
13.102	twelve	huɗɗa=palakki
13.103	fifteen	huɗɗa=paxupin
13.104	twenty	huɗankolakke
13.105	hundred	ɗippa
13.106	thousand	kuma
13.107	count	ɗiha
13.14	every, all	mulo
13.15	much, many	ɗamma
13.16	more	=na
13.17	little (quantity), few	takkaya
13.18	enough	xafa
13.181	some	takkaya
13.19	multitude, crowd	koro
13.21	full	hoqqaši
13.22	empty	xeneʕe
13.23	part, piece	qootto
13.24	half	qooqootto
13.33	alone, only	naʔa
13.34	first	toʔontoy
13.35	last	keet
13.36	second	lankay
13.37	pair	lakki
13.38	two times	lakkelakke
13.42	third	ʔishay
13.44	three times	ʔizzahʔizzah
14.11	time	kize
14.12	age	kize
14.13	new	qawtitto
14.14	young	takkaya
14.15	old	keešakko
14.16	early	qaritte=ma
14.17	late	tuupe=ma
14.18	now	hantu
14.19	immediately	hantuhantu
14.21	swift, fast, quick	waaɗ
14.22	slow	lokko
14.23	hasten, hurry	waaɗ
14.24	retard, delay	keet
14.25	begin, beginning	paayyi
14.252	last, endure	ʔolat
14.26	end (temporal)	humto
14.27	finish	poɠɠi
14.28	cease, stop	šikkaar
14.29	ready	kartam
14.31	always	kuyaʕkokaʕasay
14.32	often	kuyaʕkokaʕasay
14.33	sometimes	kuyaʕkotoʔokkotoʔokko
14.331	soon	hantuhantu
14.34	never	ʔapar
14.41	day	kuyaʕko
14.42	night	ʔawne
14.43	dawn	sinkatte
14.44	morning	kuyaʕte
14.45	noon, midday	ʔoqaayexoosti
14.451	afternoon	kallapte
14.46	evening	qayanko
14.47	today	kuyyu
14.48	tomorrow	qayna
14.481	day-after-tomorrow	qamma
14.49	yesterday	keeray
14.491	day-before-yesterday	ʔinɗeera
14.51	hour	saʔate
14.53	clock, timepiece	saʔate
14.61	week	torpa
14.62	Sunday	sampata
14.63	Monday	mooreʕale
14.64	Tuesday	kaalo
14.65	Wednesday	kaalo=naʕilahaʕini
14.66	Thursday	mooretakkaɗay
14.67	Friday	k’ummasa
14.68	Saturday	kullite
14.71	month	leʕʕo
14.73	year	peerko
14.74	winter	maasallo
14.75	spring	qayanɠayo
14.76	summer	ʔooypa
14.77	autumn	pusullo
15.21	smell (vb intrans)	ʔošoʕ
15.212	sniff	ʔošoʕsaɗ
15.22	smell (vb trans)	ʔošoʕsaɗ
15.25	fragrant, good smelling	ʔošoʕa
15.26	stinking, bad smelling	xinawa
15.31	taste	peerri
15.35	sweet	soor
15.36	salty	soqoɗammaʔí=ʕaka
15.37	bitter	raʕa
15.38	acid, sour	makaša
15.41	hear	ʔapaq
15.42	listen	ʔapaq
15.44	sound, noise	ʕuuɠto
15.45	loud	riire=tta
15.46	quiet, silence	lokko
15.51	see	hiʔ
15.52	look, look at	ʔeema
15.55	show	hiʔas
15.56	shine	xoos
15.57	bright	hammakko
15.61	color	k’alame
15.62	light (in color)	hammakko
15.63	dark (in color)	tukana
15.64	white	piʕa
15.65	black	kuma
15.66	red	ʔiɗɗa
15.67	blue	muunt’o
15.68	green	lahha
15.69	yellow	ʔoypatto
15.71	touch	peerri
15.712	pinch	kupis
15.72	feel	peerri
15.74	hard	xaha
15.75	soft	šallala
15.76	rough	hašaša
15.77	smooth	mut’urt’ura
15.78	sharp	foola
15.79	blunt, dull	ye=leefamú
15.81	heavy	reʕiša
15.82	light (in weight)	haafakko
15.83	wet, damp	k’apa
15.84	dry	xaha
15.85	hot	foola
15.86	cold	šalal
15.88	dirty, soiled	ʔoskakkolakko
16.11	soul, spirit	nasso
16.15	surprised, astonished	muruk
16.18	good fortune, luck	ʔitile
16.19	misfortune, bad luck	ʔitilemakitte
16.23	joyful, glad, happy	xasooɗ
16.25	laugh	kiššaʕ
16.251	smile	kiššaʕ
16.26	play	hikka
16.27	love	cikaɗ
16.29	kiss	mayyi
16.3	embrace	ʔikaaš
16.31	pain	kilo
16.32	grief, sorrow, sadness	ʔooyatto
16.34	regret, be sorry	kit
16.37	cry, weep	ʔooy
16.38	tear (noun)	ʔilmaame
16.39	groan	ʔooy
16.41	hate	šikki
16.42	anger	miira
16.45	shame (noun)	ʔafrite
16.48	proud	maɠakko
16.52	brave	karmitto
16.53	fear, fright	ɠaapko
16.54	danger	rakko
16.62	desire, want	woʔ
16.622	choose	woʔaɗ
16.63	hope	xot’aɗ
16.66	true	ɗuka
16.67	lie, tell lies	ʔayyašeek
16.71	good	heet’a
16.72	bad	makakko
16.73	right, correct	kitaaha
16.74	wrong	takkama
16.77	mistake, error	paahanko
16.81	beautiful	heet’a
16.82	ugly	cimmanakko
16.84	clever	ʔarampakko
17.11	mind	nono
17.13	think (= reflect)	ʔasaap
17.14	think (= be of the opinion)	ʔasaap
17.15	believe	ʔamman
17.16	understand	yehuli
17.17	know	ʔara
17.172	imitate	likas
17.18	seem	lik
17.19	idea, notion	ʔasaappo
17.21	wise	ʔarampakko
17.22	foolish, stupid	mooɲɲe
17.23	insane, crazy	saarakko
17.24	learn	kollaɗ
17.242	study	tamar
17.25	teach	kollis
17.26	pupil	tamaritto
17.27	teacher	ʔastamaritto
17.28	school	minnetamaratte
17.32	forget	taymooɗ
17.36	secret	mat’irre
17.37	sure, certain	ɗukata
17.38	explain	ʔaras
17.42	cause	mekinnate
17.44	suspect	t’arat’t’ar
17.441	betray	kaat
17.46	easy	ʔí=huli
17.47	difficult	rakko
17.48	try, attempt	teemmi
17.49	way, manner	mala
17.51	and	=pa
17.52	because	mekinnate
17.53	if	payni
17.54	or	=m
17.55	yes, affirmative	ʔee
17.56	no, negative	haay
17.56	no, negative	ʔaʔa
17.61	how?	mala
17.62	how many?	meʔ
17.63	how much?	meʔ
17.64	what?	moʔo
17.65	when?	para
17.66	where?	ʔaxa
17.67	which?	hunka
17.68	who?	yaha
17.69	why?	moʔo=nu
18.11	voice	torre
18.12	sing	qaallaɗ
18.13	shout, cry out	riir
18.15	whisper	hášpay
18.16	mumble	qurqur
18.17	whistle	šuutees
18.18	shriek, screech	riir
18.19	howl	ʕuuk
18.21	speak, talk	ʕallaɗ
18.211	stutter, stammer	tataʔ
18.22	say	pay
18.221	tell story	haaš
18.222	speech (make a)	torre
18.23	silent (be)	k’ámpay
18.24	language	pako
18.28	name	makahko
18.31	ask (question, inquire)	kassaɗ
18.32	answer	holas
18.34	deny	kelli
18.35	ask, request	waataɗ
18.36	promise	pakoteeh
18.37	refuse	ʔiiša
18.38	forbid	ɗawri
18.41	call (=summon)	ʔooʕ
18.42	call (=name)	makahkoteeh
18.43	announce	saaluy
18.44	threaten	ɠaapis
18.45	boast	haʕampakko
18.51	write	t’af
18.52	read	nipaap
18.56	paper	wark’ate
18.57	pen	k’alame
18.61	book	mat’afa
18.71	flute	ʔipaare
18.72	drum	timpo
18.73	horn, trumpet	šupale
19.11	country	piye
19.16	village	mantara
19.17	boundary	ħaamo
19.21	people (populace)	koro
19.23	tribe, clan	koosa
19.24	chief, chieftain	pokolho
19.25	staff, walking stick	tollakko
19.42	slave	maasakko
19.43	servant	hule
19.45	command, order	ʔasas
19.46	obey	ʔasasam
19.47	let, permit	fak’k’aɗ
19.51	friend, companion	peelho
19.52	enemy	t’alaata
19.54	neighbor	kanta
19.55	stranger	hayho
19.56	guest	hayho
19.58	help, aid	k’ark’ar
19.59	hinder, prevent	kaʔees
19.62	strife, quarrel	paahakko
19.65	meet	tay
19.72	prostitute	palake
20.11	fight (vb)	paah
20.13	war, battle	ʔorhanko
20.14	peace	nakayho
20.22	club	tollakko
20.24	bow	pahante
20.25	arrow	laahe
20.26	spear	ʔorhanko
20.28	gun, cannon	k’awe
20.34	shield	kaašanko
20.41	victory	putto
20.42	defeat	putamto
20.44	defend	kaat
20.45	retreat	hiɠ
20.47	captive, prisoner	hošapami
20.61	hunt	qooš
20.62	shoot	raʕ
20.63	miss (target)	ɗappi
20.64	trap (noun)	siikke
20.65	trap (vb)	ɠap
21.23	witness	nakaaše
21.24	swear	ʔaakutaɗ
21.25	oath	ʔaakutte
21.31	accuse	šaam
21.37	penalty, punishment	k’it’ate
21.39	prison, jail	minnešappete
21.42	murder	pokinɗekorito
21.46	arson	ɗilanneminnete
21.51	steal	keraʕ
21.52	thief	keraʕko
