@classification: Carib,Northern,East-West Guiana,Macushi-Kapon,Macushi
@ids-name: Macushi_Phonemic
@iso: mbc
@language: Macushi
@size: 914
@source: ids
@variety: std
1.21	earth, land	pata
1.212	earth=ground, soil	non
1.213	dust	kutuppan
1.214	mud	kuusaʔ
1.215	sand	sakapan
1.22	mountain, hill	wɨʔ
1.222	cliff, precipice	tɨkapi
1.23	plain, field	etei
1.24	valley	ramon
1.25	island	wonoʔ
1.27	shore	tunaena
1.28	cave	tɨʔta
1.31	water	tuna
1.32	sea	pɨranna
1.322	calm (of sea)	tɨʔne
1.323	rough (of sea)	sipasipapeawanɨ
1.324	foam	tunarakkon
1.329	ocean	pɨranna
1.33	lake	ikuʔpɨ
1.35	wave	sipasipa
1.353	lowtide	tunaaapaʔsaʔman
1.354	hightide	tunaawannɨsaʔman
1.36	river, stream, brook	eren
1.36	river, stream, brook	iwɨtɨ
1.362	whirlpool	tunataime
1.37	spring, well	yani
1.39	waterfall	tunameru
1.41	woods, forest	yuʔ
1.42	tree (cf 08.600)	yeʔ
1.43	wood	yei
1.44	stone, rock	tɨʔ
1.51	sky	kaʔ
1.52	sun	wei
1.53	moon	kapoi
1.54	star	kaiwanoʔ
1.55	lightning	waraʔnapiesensiʔma
1.56	thunder	waraʔnapiyataa
1.59	rainbow	merenmereʔ
1.61	light (noun)	aʔka
1.62	darkness	ewaron
1.63	shade, shadow	yekaton
1.64	dew	iʔnɨ
1.72	wind	aʔsitun
1.73	cloud	kutupuru
1.75	rain (noun)	konoʔ
1.77	ice	iʔnɨ
1.81	fire	apoʔ
1.83	smoke (noun)	wɨreʔsin
1.84	ashes	runuʔpɨ
1.841	embers	apoʔyarɨn
1.851	burn (vb trans)	poʔtɨ
1.852	burn (vb intrans)	aramɨ
1.86	light, kindle, ignite	tɨrɨka
1.861	extinguish	yiʔnɨpɨ
1.88	firewood	apoʔkeme
2.1	person, human being	pemonkon
2.21	man (vs. woman)	warayoʔ
2.22	woman	wɨriʔ
2.23	male	warayoʔ
2.24	female	wɨriʔ
2.261	young woman (adolescent)	auronoʔpɨ
2.27	child	more
2.28	infant, baby	more
2.31	husband	inyo
2.32	wife	inoʔpɨ
2.33	marry	noʔpɨta
2.34	marriage, wedding	eemantoʔ
2.341	divorce	irumakasaʔ
2.35	father	uyun
2.36	mother	usan
2.37	parents	uyuntonon
2.38	married man	tɨnoʔpɨkenan
2.39	married woman	tɨnyokenan
2.41	son	unmu
2.42	daughter	uyensi
2.43	offspring (son or daughter)	munkɨ
2.44	brother	uwi
2.444	older brother	urui
2.445	younger brother	uyakon
2.454	older sister	naʔnaʔ
2.455	younger sister	uwɨrɨsi
2.458	twins	monoiʔyamɨʔ
2.46	grandfather	amoko
2.461	old man	aʔyeketon
2.47	grandmother	koʔkoʔ
2.471	old woman	noʔsanton
2.48	grandson	upa
2.49	granddaughter	upa
2.51	uncle	inton
2.511	mother's brother	inton
2.512	father's brother	papai
2.52	aunt	eeru
2.521	mother's sister	mamai
2.522	father's sister	waʔnɨ
2.53	nephew	poito
2.54	niece	passe
2.54	niece	upaʔse
2.55	cousin	uwi
2.55	cousin	moyi
2.55	cousin	piipi
2.56	ancestors	utamokon
2.57	descendants	payanyamɨʔ
2.61	father-in-law (of a man)	mɨi
2.61	father-in-law (of a man)	uyawo
2.611	father-in-law (of a woman)	aawo
2.611	father-in-law (of a woman)	ako
2.611	father-in-law (of a woman)	uyawo
2.62	mother-in-law (of a man)	waʔnɨ
2.62	mother-in-law (of a man)	uyawoʔpɨ
2.621	mother-in-law (of a woman)	waʔnɨ
2.621	mother-in-law (of a woman)	uyawoʔpɨ
2.63	son-in-law (of a man)	poito
2.63	son-in-law (of a man)	upayun
2.631	son-in-law (of a woman)	mɨine
2.631	son-in-law (of a woman)	upayun
2.64	daughter-in-law (of a man)	passe
2.64	daughter-in-law (of a man)	upaʔse
2.641	daughter-in-law (of a woman)	passe
2.641	daughter-in-law (of a woman)	upaʔse
2.75	orphan	isantonpɨn
2.76	widow	inyosaʔmantaʔsan
2.77	widower	inoʔpɨsaʔmantaʔsan
2.81	relatives, kinsmen	yonpa
2.91	I	uurɨ
2.92	you (singular)	amɨrɨ
2.93	he/she/it	mɨɨkɨrɨ
2.941	we (inclusive)	uurɨʔnɨkon
2.942	we (exclusive)	anna
2.95	you (plural)	amɨrɨʔkon
2.96	they	inkamoro
2.96	they	insemoro
3.11	animal	uyekɨn
3.13	female (adj)	pa
3.15	livestock	uyekɨnan
3.2	cattle (bovine)	yamɨʔ
3.21	bull	yun
3.24	calf	more
3.45	foal, colt	more
3.5	fowl	toron
3.52	cock, rooster	kariwanayunkon
3.54	hen	kariwana
3.55	chicken	kariwana
3.57	duck	maiʔwa
3.58	nest	toronyaponse
3.581	bird	toron
3.584	eagle	kuwano
3.586	vulture	kaʔsanaʔ
3.591	bat	marappa
3.592	parrot	woroʔke
3.594	dove	wakuʔkaimɨ
3.596	owl	poosiʔkɨ
3.61	dog	arinmaraka
3.62	cat	pisana
3.622	opossum	waiʔwo
3.63	mouse, rat	waimu
3.65	fish	moroʔ
3.653	fishscale	moroʔpiʔpɨ
3.664	stingray	supareʔ
3.665	freshwater eel	arinraʔ
3.74	fox	maikan
3.75	deer	waikin
3.75	deer	usari
3.76	monkey	iwarɨka
3.81	insect	oʔma
3.811	louse	ayan
3.811	louse	ayamɨ
3.812	nit (louse egg)	ayanpɨmoi
3.813	flea	sikɨ
3.814	centipede	konope
3.815	scorpion	mariʔtɨ
3.816	cockroach	masarɨwa
3.817	ant	miʔkɨ
3.818	spider	moyoi
3.819	spider web	moyoiyette
3.82	bee	wan
3.821	beeswax	moronpɨ
3.83	fly	ereuwe
3.831	sandfly (midge), gnat	nunkɨ
3.832	mosquito	masaʔ
3.84	worm	moʔ
3.85	snake	ɨkɨi
3.91	firefly	motowe
3.92	butterfly	peppeʔ
3.93	grasshopper	kaira
3.94	snail	kuimeʔ
3.94	snail	kiiwa
3.95	frog	pɨrettɨku
3.96	lizard	enwaraʔ
3.96	lizard	tɨpukkari
3.97	crocodile, alligator	akare
3.97	crocodile, alligator	kuratu
3.98	turtle	wayanmuri
4.11	body	uyesaʔ
4.12	skin, hide	upiʔpɨ
4.13	flesh	upun
4.14	hair (head)	upuʔpaisiʔpo
4.142	beard	iteʔpo
4.142	beard	mɨɨkɨrɨyeʔpo
4.144	body hair	itewansiʔposaru
4.145	pubic hair	simoi
4.146	dandruff	uʔpi
4.15	blood	umɨnɨ
4.151	vein, artery	ukara
4.16	bone	uyeʔpɨ
4.162	rib	uratayeʔpɨ
4.17	horn	retɨ
4.18	tail	itaukɨ
4.19	back	inpo
4.191	spine	uyeppayeʔpɨ
4.2	head	ipuʔpai
4.201	side of head, temple	upanamaka
4.202	skull	ipuʔpaiyeʔpɨ
4.203	brain	ikase
4.204	face	uyenpata
4.205	forehead	uyepin
4.207	jaw	umata
4.208	cheek	uʔpita
4.209	chin	uyetamu
4.21	eye	uyenu
4.212	eyebrow	uwaramaʔpo
4.213	eyelid	uyenupiʔpɨ
4.214	eyelash	uyenukaramaʔsiʔpo
4.215	blink	pɨriutaa
4.22	ear	upana
4.221	earlobe	upanayemu
4.222	earwax	upanayaweʔ
4.23	nose	uyeuna
4.231	nostril	uyeunayetta
4.232	mucus (nasal)	aton
4.24	mouth	unta
4.241	beak	toronpotɨ
4.25	lip	uyeʔpi
4.25	lip	upotɨ
4.26	tongue	unu
4.27	tooth	uye
4.271	gums	uyeyapon
4.272	molartooth	yakuiponawon
4.28	neck	uʔmɨ
4.281	nape of neck	umɨyeʔpɨ
4.29	throat	uʔmɨyetta
4.3	shoulder	umota
4.301	shoulderblade	umotayeʔpɨ
4.302	collarbone	umoʔmoʔyeʔpɨ
4.31	arm	uyemekon
4.312	armpit	uyewata
4.32	elbow	uperesi
4.321	wrist	uyenyapɨmɨ
4.33	hand	uyenya
4.331	palm of hand	uyenya
4.34	finger	uyenyaeperu
4.342	thumb	uyenyayunkon
4.344	fingernail	uyenyapiʔpɨ
4.345	claw	itenyapuʔpɨ
4.35	leg	ipeʔ
4.351	thigh	uyeʔmata
4.352	calf of leg	usipun
4.36	knee	uyeseʔmo
4.37	foot	uʔpu
4.371	ankle	urupukon
4.372	heel	utana
4.374	footprint	iteʔmaʔpɨ
4.38	toe	uʔpuyeperu
4.392	wing	yapɨri
4.4	chest	uruppota
4.41	breast (of woman)	imanatɨ
4.412	nipple, teat	imanatɨpotɨ
4.42	udder	manatɨmun
4.43	navel	iponi
4.44	heart	uyewan
4.441	lung	uyarakku
4.45	liver	yere
4.451	kidney	ukuimari
4.46	stomach	uyaʔreʔyense
4.461	intestines, guts	isiwisikɨ
4.462	waist	uworomɨʔ
4.463	hip	upɨnyeʔpɨ
4.464	buttocks	imaiko
4.47	womb	inrepon
4.49	testicle	itemu
4.492	penis	imere
4.51	breathe, breath	yettapusin
4.52	yawn, gape	entapiʔma
4.521	hiccough	eʔsɨkeʔma
4.53	cough	aheheʔtaiya
4.54	sneeze	a'sikautaiya
4.55	perspire	awaisaʔ
4.56	spit	uyetakuyenumɨuya
4.57	vomit	yarakka
4.58	bite	yeʔka
4.59	lick	yemeka
4.591	dribble	etiʔkamɨ
4.61	sleep	wetun
4.612	snore	tororɨyen
4.62	dream	eʔmoronoʔpe
4.63	wake up	aapaka
4.64	break wind	iwiʔkɨyenpewai
4.65	urinate	asuʔta
4.66	defecate	weka
4.67	have sexual intercourse	toʔesenpansaʔman
4.68	shiver	aweʔtɨtɨkakomiʔpe
4.69	bathe	eʔpɨ
4.72	born (to be)	esenpo
4.73	pregnant	moreyanpe
4.732	conceive	inreʔsaiʔya
4.74	live, living, life	enen
4.75	die, dead	saʔmanta
4.751	drowned	aanasaʔ
4.76	kill	wɨʔ
4.77	corpse	itesaʔrɨʔpɨ
4.78	bury (the dead)	yuʔnaʔtɨ
4.79	grave, tomb	uuruwai
4.81	strong, mighty, powerful	meruntɨ
4.82	weak	aʔtuʔmara
4.83	well, health	priʔya
4.84	sick, sickness	paran
4.841	fever	ekomiʔma
4.843	cold (catarrh)	aton
4.85	wound, sore	ereʔ
4.852	bruise	eerekɨʔtɨsaʔ
4.853	swelling	awoisaʔ
4.854	itch	kaʔnare
4.855	blister	aasɨkoiwataʔsaʔ
4.856	boil (noun)	aawoisaʔ
4.857	pus	kunaru
4.858	scar	eekaimasaʔ
4.86	cure, heal	yepiʔtɨ
4.87	physician	pemonkonyepiʔtɨnen
4.88	medicine, drug	epiʔtoʔ
4.89	poison	maiʔpaiyamaiʔke
4.91	tired, weary	apɨkasaʔ
4.912	rest	erɨkka
4.92	lazy	enyanneʔ
4.93	bald	pɨkaiʔpan
4.94	lame	tɨkɨipe
4.95	deaf	panaʔtɨ
4.96	mute	imaimupɨn
4.97	blind	enkaruʔne
4.98	intoxicated	eʔtɨripe
4.99	naked, bare	iponpɨn
5.11	eat	entamoʔka
5.12	food	yaʔre
5.123	ripe	emɨsaʔ
5.124	green, unripe	yaʔpɨre
5.125	rotten	aakatasaʔ
5.13	drink	enɨrɨ
5.14	hunger	iwanpe
5.141	famine	iwan
5.15	thirst	tunaaninɨpai
5.16	suck	yuʔna
5.18	chew	yapo
5.181	swallow	yennoʔma
5.19	choke	aawoʔtɨ
5.22	boil (vb)	rintɨ
5.23	roast, fry	puru
5.26	pot, cooking vessel	yerin
5.33	bowl	pisaʔ
5.38	knife	taura
5.41	meal (a)	entamoʔkantoʔ
5.42	breakfast	uyekkari
5.46	peel	piʔka
5.47	sieve, strain	yainonka
5.48	scrape	piʔka
5.49	stir, mix	yaiʔma
5.51	bread	puusaʔ
5.58	mortar	aʔ
5.59	pestle	aʔyainon
5.61	meat	sararu
5.64	soup, broth	tuma
5.66	bean	maʔsari
5.7	potato	saʔ
5.71	fruit	yekkari
5.791	grease, fat	kaiwan
5.81	salt	pan
5.821	chili pepper	pimi
5.84	honey	wan
5.85	sugar	aʔkiʔku
5.86	milk (noun)	manatɨyekku
5.9	beverage, drink	uwuku
5.9	beverage, drink	woʔ
5.94	fermented drink	kasiri
5.97	egg	kariwanapɨmoi
6.11	put on (clothes)	yakaʔma
6.12	clothing, clothes	pon
6.21	cloth	yaʔsan
6.24	cotton	kotoʔka
6.29	leather	piʔpɨ
6.31	spin	yeʔpɨsɨ
6.32	spindle	perepi
6.33	weave	kaneʔtɨ
6.35	sew	siʔpɨmɨ
6.42	woman's dress	pon
6.44	shirt	inpaipon
6.45	collar	uponpɨmɨ
6.46	skirt	uri
6.48	trousers	surura
6.51	shoe	pisaʔsaʔ
6.55	hat, cap	aroʔ
6.57	belt, girdle	iworomɨ
6.61	pocket	unen
6.71	ornament, adornment	yariʔku
6.75	necklace	moʔmoʔ
6.76	bead	kaʔsiru
6.91	comb	saraisarai
6.96	mirror	wanamari
7.11	dwell, live	koʔmamɨ
7.12	house	wɨttɨ
7.14	tent	tappɨi
7.15	yard, court	poroiʔpɨ
7.22	door, gate	manaʔta
7.24	key	manaʔta
7.26	floor	wɨttɨroʔta
7.42	bed	atta
7.42	bed	yetteʔ
7.43	chair	aponoʔ
7.51	roof	wɨttɨnekata
7.52	thatch	kuwaiyare
7.53	ridgepole	wɨttɨnekatayawɨron
7.54	rafter	wɨttɨyara
7.55	beam	pakɨʔnan
7.56	post, pole	yei
7.62	brick	nonkuʔsaʔ
7.64	adobe	nonkuʔsaʔ
8.12	field (for cultivation)	mɨɨ
8.15	cultivate, till	naa
8.16	fence	iwaʔtoʔ
8.22	dig	yaka
8.23	spade	yakatoʔ
8.24	shovel	yakatoʔ
8.25	hoe	sanpa
8.31	sow	pɨmɨ
8.311	seed	enaʔpɨ
8.47	maize, corn	aʔnai
8.51	grass	wanaʔ
8.51	grass	parɨʔ
8.53	plant (noun)	yeʔ
8.531	plant (vb)	pɨmɨ
8.54	root	kara
8.55	branch	panta
8.56	leaf	yare
8.57	flower	yariʔku
8.6	tree	yei
8.67	vine	siʔna
8.68	tobacco	kawai
8.69	smoke (tobacco)	kawaiwereʔtɨ
8.72	tree stump	prakon
8.73	tree trunk	yeiurupukon
8.74	forked branch	yeipanta
8.75	bark	yeipiʔpɨ
8.76	sap	yekku
8.84	banana tree	paruruyeʔ
8.91	sweet potato	saʔ
8.92	tapioca, manioc, cassava	imu
8.92	tapioca, manioc, cassava	kɨse
8.93	gourd	maʔ
8.931	pumpkin, squash	kaiyuma
8.941	sugar cane	kaiwaraku
8.96	fish poison (root)	aya
8.98	mushroom	yeipana
8.98	mushroom	nonpana
9.11	do, make	kupɨ
9.11	do, make	koneka
9.12	work	esenyakaʔma
9.14	bend	yeiʔme
9.15	fold	yeiʔme
9.16	tie, bind	yewaʔtɨ
9.161	untie	yeuka
9.19	rope, cord	eʔseusa
9.192	knot (noun)	yeuronsaʔ
9.21	strike (hit, beat)	paʔtɨ
9.22	cut	yaʔtɨ
9.221	cut down	yaʔtɨuyaeesenuntoʔpe
9.223	stab	yasoʔka
9.23	knife	taura
9.24	scissors, shears	sakɨi
9.25	ax	waʔka
9.26	break	yaʔmorikka
9.261	broken	yaʔmorikkasaʔ
9.27	split	yaʔmorikka
9.28	tear	karaka
9.29	flay, skin	piʔka
9.32	stretch	kuʔna
9.33	pull	kuʔna
9.34	spread out	pareppɨka
9.341	hang up	miʔka
9.343	squeeze, wring	suʔka
9.35	pour	etiʔkamo
9.36	wash	rona
9.37	sweep	kuima
9.38	broom	tuʔtɨmai
9.44	build	wɨttɨemɨʔsaʔkauya
9.46	bore	yeiyaʔpo
9.461	hollow out	yeiyaka
9.48	saw	yeisaraʔma
9.5	nail	yeipokatoʔ
9.56	glue	kaaretayapiʔtoʔ
9.71	potter	ɨinɨkaʔnen
9.72	mold (clay etc)	ɨinɨyeʔkapɨuya
9.74	glass	pattɨre
9.76	basket	waikaraʔpɨ
9.77	mat	sunpa
9.77	mat	upa
9.79	fan (noun)	wɨriwo
9.791	fan (vb)	yaʔseʔma
9.81	carve	yeiyaraʔka
9.89	paint (vb)	kɨʔpa
10.11	move	moʔta
10.12	turn over	eraʔtɨ
10.13	turn around	ennaʔpo
10.14	wind, wrap	yaʔsantɨ
10.15	roll	perema
10.16	drop (vb)	maa
10.17	twist	sekesekema
10.21	rise	eʔmɨʔsaʔka
10.22	raise, lift	pɨmɨʔsaʔka
10.23	fall	enaʔpɨ
10.24	drip	aʔtesuʔka
10.25	throw	yenumɨ
10.252	catch (ball)	yapiʔsɨ
10.26	shake	tuʔma
10.33	sink	eseronka
10.34	float	merenkatɨ
10.35	swim	upɨnɨnu
10.351	dive	arapumɨtunaka
10.352	splash	tunaarapumɨupona
10.37	fly (vb)	awainamu
10.38	blow	pumɨ
10.41	creep, crawl	eʔworoʔka
10.412	kneel	aweʔsɨkunka
10.413	crouch	eʔtamɨikasaʔ
10.42	slide, slip	aweʔtaraikasaʔ
10.43	jump, leap	arapumɨ
10.431	kick	tukka
10.44	dance	mananu
10.45	walk	asarɨ
10.451	limp	tɨkɨipeattɨ
10.46	run	ekaʔtumɨ
10.47	go	wɨtɨ
10.471	go up	enuku
10.472	climb	enuku
10.473	go down	autɨ
10.474	go out	epaʔka
10.48	come	iipɨ
10.481	come back	ennaʔpo
10.49	go away, depart	epaʔka
10.491	disappear	eesenomɨ
10.51	flee	eepe
10.52	follow	wenaimɨ
10.53	pursue	yuwaiattɨ
10.55	reach, arrive	erepamɨ
10.56	approach	yeporɨ
10.57	enter	ewomɨ
10.61	carry (bear)	yarɨ
10.612	carry-in-hand	uyenyayaʔyarɨ
10.613	carry-on-shoulder	umotapoyarɨ
10.614	carry-on-head	upuʔpaipoyarɨ
10.615	carry-underarm	uyewaʔtanayarɨ
10.62	bring	enepɨ
10.63	send	yarima
10.64	lead (vb)	pinunpa
10.67	push, shove	tukka
10.71	road	eʔma
10.72	path	eʔma
10.74	bridge	miyeʔ
10.75	carriage, wagon, cart	tararan
10.76	wheel	tararanpisaʔsaʔ
10.81	ship	apoʔyen
10.831	canoe	kanau
10.851	paddle (noun)	naire
10.852	row (vb)	kuru
11.11	have	moronaiaapia
11.13	take	moʔka
11.14	seize, grasp	yapiʔsɨ
11.16	get, obtain	eraʔma
11.17	keep, retain	koʔmamɨ
11.18	thing	yemane
11.21	give	tɨrɨ
11.22	give back	innaʔpo
11.24	preserve, look after	koneka
11.25	save, rescue	pɨikaʔtɨ
11.28	harm, injure, damage	maʔta
11.31	seek, look for	yuwa
11.32	find	eporɨ
11.33	lose	yakaʔma
11.34	release, let go	rumaka
11.51	rich	ipɨkku
11.52	poor	ɨʔtonpɨn
11.54	avaricious, stingy	anne
11.63	owe	ipeʔmara
11.64	debt	ipeʔmara
11.65	pay (vb)	yeʔma
11.81	buy	yenna
11.82	sell	siranma
11.83	trade, barter	puana
11.87	price	itepe
11.88	dear (costly, expensive)	ipeʔke
11.89	cheap	ipeʔmara
11.91	share (distribute)	tɨrɨ
11.92	weigh	kuʔneʔtɨ
12.1	after	tɨpo
12.11	place	iteʔmaʔpɨ
12.2	beside	pia
12.3	down, below	yepoi
12.4	before	arape
12.4	before	irawɨrɨ
12.41	right (side)	wɨttɨyenpata
12.5	inside, in	ya
12.6	outside	poropo
12.7	under	yoʔko
12.8	up, above	yepoi
12.8	up, above	pairɨ
12.11	place	pata
12.12	put	tɨrɨ
12.13	sit	ereuta
12.14	lie down	aittun
12.15	stand	sattipe
12.16	remain, stay	koʔmamɨ
12.17	remains, left overs	itonparɨʔpɨ
12.21	collect, gather	perepɨ
12.212	pick up	yanumɨ
12.232	divide	pantaka
12.24	open	atarakamɨka
12.25	shut, close	atarakamɨ
12.26	cover	yettapurɨ
12.27	hide, conceal	esonomɨ
12.31	high	kawɨne
12.32	low	nonporo
12.33	top	ipona
12.34	bottom	panelamaikko
12.35	end	ikɨnɨʔpɨ
12.353	edge	ena
12.36	side	iratai
12.37	middle, center	arakkita
12.41	right (side)	maiwinɨkɨi
12.42	left (side)	kaiwinɨkɨi
12.43	near (adv)	aminkepra
12.44	far (adv)	aminke
12.45	east	weiepaʔkawinɨ
12.46	west	weiewomɨwinɨ
12.53	grow	akɨpɨ
12.53	grow	arenta
12.54	measure	kuʔneʔtɨ
12.55	large, big	kureʔne
12.56	small, little	siʔmɨrikkɨ
12.57	long	kusan
12.58	tall	kusan
12.59	short	piaʔmɨtɨ
12.61	wide, broad	iwene
12.62	narrow	tuʔnakan
12.63	thick (in dimension)	ereʔsin
12.65	thin (in dimension)	siiriru
12.67	deep	mairon
12.68	shallow	arenpuru
12.73	straight	awemɨn
12.73	straight	toʔsarɨ
12.74	crooked	weyepan
12.75	hook	iteʔna
12.76	corner	akoʔtɨnaʔ
12.77	cross	pakɨʔnan
12.81	round	amokoʔwarɨ
12.82	circle	amokoʔwarɨ
12.83	sphere, ball	amokoʔwarɨ
12.84	line	katɨn
12.85	hole	aʔta
12.92	like, similar	warantɨ
12.93	change	miaʔka
13.0	zero, nothing	ɨʔtonpɨn
13.1	one	tiwin
13.2	two	asakɨʔne
13.3	three	eseurɨwɨʔne
13.4	four	saakɨrɨrɨ
13.5	five	miaʔtaikin
13.6	six	tiwinmiaʔponatɨɨmoʔtai
13.7	seven	asakɨnemiaʔponatɨɨmoʔtai
13.8	eight	eseurɨwɨʔnemiaʔponatɨɨmoʔtai
13.9	nine	saakɨrɨrɨmiaʔponatɨɨmoʔtai
13.10	ten	miaʔtamɨʔnawɨrɨ
13.101	eleven	tiwinpuʔponatɨɨmoʔtai
13.102	twelve	asakɨʔnepuʔponatɨɨmoʔtai
13.104	twenty	tiwinpemonkon
13.107	count	kuʔneʔtɨ
13.14	every, all	tamɨʔnawɨrɨ
13.15	much, many	tuʔke
13.16	more	inɨʔ
13.17	little (quantity), few	mararɨ
13.18	enough	aasɨrɨ
13.181	some	tiaron
13.19	multitude, crowd	mararonkonpepɨn
13.21	full	intapɨkɨrɨ
13.22	empty	itenpɨ
13.23	part, piece	itonpa
13.24	half	arakkitapairɨ
13.33	alone, only	tiwinsarɨ
13.34	first	eʔmaiʔpe
13.35	last	ikɨnɨʔpɨ
13.36	second	itonpape
13.37	pair	saʔnɨrɨ
13.38	two times	saʔteʔka
13.42	third	teeseurɨnon
13.44	three times	teeseurɨʔneiteʔka
14.11	time	pensa
14.12	age	ikonopo
14.13	new	amenan
14.14	young	maasaron
14.15	old	penaroʔ
14.16	early	penanepuʔkuru
14.17	late	tɨɨkoʔmanpe
14.18	now	sɨrɨrɨ
14.19	immediately	tiwinarɨ
14.21	swift, fast, quick	kaʔneʔpe
14.22	slow	tɨnɨnpɨʔ
14.23	hasten, hurry	teesemiʔtɨpai
14.24	retard, delay	maasa
14.25	begin, beginning	piaʔtɨ
14.26	end (temporal)	ikɨnɨʔpɨ
14.27	finish	aretɨʔka
14.28	cease, stop	emɨʔpamɨ
14.29	ready	aasɨrɨ
14.31	always	tɨwɨrɨ
14.32	often	ikoʔnoro
14.33	sometimes	tiaronpensa
14.331	soon	o
14.34	never	tiwinken
14.35	again	inɨʔrɨ
14.41	day	wei
14.42	night	ewaron
14.43	dawn	erenmapɨ
14.44	morning	penanepuʔkuru
14.45	noon, midday	nekatapairɨweitɨɨse
14.451	afternoon	koʔmamɨiya
14.47	today	sɨrɨrɨpe
14.48	tomorrow	penane
14.481	day-after-tomorrow	penanetɨɨkoʔmanse
14.49	yesterday	koʔmanpra
14.491	day-before-yesterday	minikoʔmanpra
14.61	week	tiwinsuntaka
14.71	month	kapoi
14.73	year	konoʔ
14.78	season	konoʔyai
14.78	season	weiyai
15.21	smell (vb intrans)	puʔnɨkɨ
15.25	fragrant, good smelling	aʔposin
15.26	stinking, bad smelling	ikɨ
15.31	taste	ipope
15.35	sweet	aʔkiʔku
15.36	salty	inɨʔne
15.37	bitter	maiʔ
15.38	acid, sour	soʔri
15.41	hear	eta
15.44	sound, noise	wawataatoʔya
15.45	loud	aronne
15.46	quiet, silence	moo
15.51	see	eraʔma
15.52	look, look at	aʔkɨ
15.55	show	yenpo
15.56	shine	weiyuʔma
15.63	dark (in color)	suuyu
15.64	white	aimutun
15.65	black	arikkɨtun
15.66	red	suuyu
15.67	blue	rora
15.68	green	rora
15.69	yellow	aʔmutun
15.71	touch	yapɨ
15.712	pinch	nɨkɨ
15.72	feel	yapɨ
15.74	hard	saʔme
15.75	soft	we
15.77	smooth	erekkuru
15.78	sharp	ikeʔ
15.79	blunt, dull	ikeʔmara
15.81	heavy	amaiʔne
15.82	light (in weight)	amaiʔmara
15.83	wet, damp	amansaʔ
15.84	dry	awaʔpiʔta
15.85	hot	aʔneʔ
15.86	cold	komiʔ
15.87	clean	morɨ
15.88	dirty, soiled	koron
15.88	dirty, soiled	nora
16.11	soul, spirit	yekaton
16.15	surprised, astonished	esiʔnɨpɨ
16.23	joyful, glad, happy	atausinpa
16.25	laugh	sii
16.26	play	suʔmin
16.27	love	saʔnama
16.29	kiss	yuʔna
16.31	pain	neʔneʔ
16.32	grief, sorrow, sadness	esewankonoʔma
16.33	anxiety, worry	teesenumenkai
16.34	regret, be sorry	esewankonoʔma
16.35	pity	saʔnama
16.37	cry, weep	ikarau
16.38	tear (noun)	enmusukuru
16.39	groan	esekaʔnunka
16.41	hate	yewanmɨrɨ
16.42	anger	ekoreʔmatoʔ
16.44	envy, jealousy	kiimuwa
16.48	proud	mɨɨpe
16.52	brave	meruntɨ
16.53	fear, fright	esiʔnɨpɨ
16.54	danger	nariʔ
16.62	desire, want	yuʔse
16.622	choose	moʔka
16.66	true	innarɨ
16.67	lie, tell lies	seruʔ
16.67	lie, tell lies	seruʔma
16.68	deceit	yenkuʔtɨ
16.69	forgive	tɨɨwanmɨraikupɨ
16.71	good	morɨ
16.72	bad	imakuiʔpɨ
16.73	right, correct	yairɨ
16.74	wrong	yairɨpra
16.77	mistake, error	puremekɨ
16.79	praise	yapurɨ
16.81	beautiful	emaʔnonpe
16.82	ugly	nora
16.84	clever	ariʔku
17.11	mind	esenumenkatoʔ
17.13	think (= reflect)	esenumenka
17.15	believe	innapeikupɨ
17.16	understand	epuʔtɨ
17.17	know	epuʔtɨ
17.21	wise	epuʔnen
17.23	insane, crazy	yawɨpe
17.24	learn	esenupa
17.242	study	esenupa
17.25	teach	yenupa
17.26	pupil	teesenupasen
17.27	teacher	yenupanen
17.31	remember	enpenata
17.32	forget	yewanmɨra
17.34	clear, plain	aronne
17.36	secret	amaʔpe
17.37	sure, certain	yairɨ
17.38	explain	ekaremekɨ
17.43	doubt	kaʔrɨ
17.43	doubt	naka
17.45	need, necessity	yuʔse
17.46	easy	saʔmepra
17.47	difficult	saʔme
17.48	try, attempt	yonpa
17.49	way, manner	yeseru
17.51	and	moropai
17.52	because	yeʔnen
17.53	if	ya
17.54	or	kaʔrɨ
17.55	yes, affirmative	inna
17.56	no, negative	kaane
17.61	how?	oʔnonyeʔka
17.62	how many?	ɨʔwarapo
17.63	how much?	ɨʔwarapo
17.64	what?	ɨʔ
17.65	when?	ɨʔpensa
17.66	where?	oʔnonpata
17.67	which?	oʔnon
17.68	who?	anɨʔ
17.69	why?	ɨʔtonpe
18.11	voice	imaimu
18.12	sing	eserenkamaimu
18.13	shout, cry out	entaimepɨtɨ
18.15	whisper	amaʔpeeseurɨma
18.17	whistle	tɨpottɨyeʔnunpaiya
18.21	speak, talk	eseurɨma
18.22	say	taa
18.221	tell story	ekaremekɨ
18.23	silent (be)	moo
18.24	language	maimu
18.26	word	mai
18.28	name	yeseʔ
18.31	ask (question, inquire)	ekaranmapo
18.32	answer	yuuku
18.33	admit, confess	ekaremekɨ
18.35	ask, request	esatɨ
18.39	rebuke, scold	yeurɨma
18.41	call (=summon)	yeta
18.42	call (=name)	esatɨ
18.51	write	menuka
18.52	read	erenka
19.11	country	pata
19.21	people (populace)	pemonkonyamɨʔ
19.25	staff, walking stick	meʔsipu
19.32	king, ruler	yaipontɨ
19.41	master	yepotorɨ
19.42	slave	yepoitorɨ
19.43	servant	yepoitorɨ
19.45	command, order	yaipontɨ
19.46	obey	yuuku
19.47	let, permit	tɨrɨ
19.51	friend, companion	iwaniyakon
19.52	enemy	yeyaton
19.55	stranger	kaʔran
19.58	help, aid	pɨikaʔtɨ
19.59	hinder, prevent	maʔnapa
19.61	custom	yeseru
19.62	strife, quarrel	esiyuʔpɨtɨ
19.65	meet	eporɨ
19.72	prostitute	eseporowɨriʔ
20.11	fight (vb)	ekoreʔma
20.13	war, battle	epɨ
20.14	peace	tɨɨwanmɨn
20.24	bow	urapa
20.25	arrow	pɨrɨu
20.28	gun, cannon	arakkapusaʔ
20.52	fishhook	konoi
20.53	fishing line	konoiyewa
20.55	fish trap	pentɨ
20.56	bait	musun
20.61	hunt	wonopɨ
20.63	miss (target)	puremekɨ
20.64	trap (noun)	maare
21.42	murder	wɨɨ
21.47	perjury	seruʔyeʔ
21.51	steal	yamaʔronpa
21.52	thief	amaʔyeʔ
