@classification: Mataco-Guaicuru,Guaicuruan
@ids-name: Toba_Phonemic
@iso: tob
@language: Toba
@size: 1295
@source: ids
@variety: std
1.1	world	ʔalwa
1.21	earth, land	ʔalwa
1.212	earth=ground, soil	ʔalwa
1.213	dust	namoʁoyaʁa
1.214	mud	nšaʁa
1.215	sand	atoʁo
1.22	mountain, hill	ḳasoʁonaʁa
1.222	cliff, precipice	ltokot
1.23	plain, field	nʔonaʁa
1.24	valley	kaʔamge
1.25	island	delek
1.25	island	lḳaʁayaʁalate
1.27	shore	loige
1.28	cave	awak
1.31	water	ʔetaʁat
1.32	sea	awaʁai
1.322	calm (of sea)	ntogoɲi
1.324	foam	lči
1.324	foam	lkoči
1.329	ocean	awaʁai
1.33	lake	lapel
1.34	gulf, bay	ltogaʁasom
1.341	lagoon	lalatek
1.35	wave	lapaʁa
1.36	river, stream, brook	tala
1.362	whirlpool	lʸiʔigelaʁaso
1.37	spring, well	ɲiʔilʸoʁoki
1.38	swamp	ḳaʔim
1.41	woods, forest	awiaḳ
1.42	tree (cf 08.600)	ʔipaḳ
1.42	tree (cf 08.600)	ḳoʔipaḳ
1.43	wood	ʔipaḳ
1.44	stone, rock	ḳaʔ
1.44	stone, rock	komaʔ
1.45	earthquake	načolaʁanaʁa
1.51	sky	pigem
1.52	sun	nalaʔ
1.53	moon	kaʔagoʁoik
1.54	star	waḳahɲi
1.54	star	waḳɲi
1.55	lightning	ḳasoʁonaʁa
1.56	thunder	nalataʁa
1.57	lightning (as striking)	nḳašilegaʁa
1.58	storm	lʔatltaʔadaik
1.59	rainbow	kemoʁonalo
1.61	light (noun)	ǰiʔoḳčigiɲi
1.62	darkness	napalaʁa
1.63	shade, shadow	paḳal
1.64	dew	ʔaya
1.71	air	lʔat
1.72	wind	lʔat
1.73	cloud	lʔok
1.74	fog	šiwe
1.75	rain (noun)	awot
1.76	snow (noun)	aloɲi
1.77	ice	aloɲi
1.81	fire	nodek
1.82	flame (noun)	lʔedaʁa
1.83	smoke (noun)	lmalaʔḳ
1.84	ashes	alo
1.841	embers	poḳo
1.851	burn (vb trans)	yawigaʁat
1.852	burn (vb intrans)	yawik
1.86	light, kindle, ignite	iʔedaʁatoigi
1.861	extinguish	yalamat
1.87	match (noun)	leʔ
1.88	firewood	nodeklasoḳ
1.88	firewood	lašik
1.89	charcoal	poḳo
2.1	person, human being	šiyaʁawa
2.1	person, human being	šigaʁawa
2.21	man (vs. woman)	yale
2.22	woman	ʔalo
2.23	male	yale
2.24	female	ʔalo
2.25	boy	nogotolek
2.251	young man (adolescent)	nsoḳ
2.26	girl	nogotole
2.261	young woman (adolescent)	ḳaʔaɲi
2.27	child	nogot
2.27	child	negot
2.28	infant, baby	ʔoʔoʔ
2.28	infant, baby	ʔetaik
2.31	husband	lwa
2.32	wife	lwa
2.33	marry	wadon
2.34	marriage, wedding	ladonaʁak
2.35	father	ltaʔa
2.36	mother	lateʔe
2.37	parents	ltaʔal
2.41	son	lalek
2.41	son	lkoʔoʁot
2.42	daughter	lale
2.42	daughter	lkoʔoḳte
2.43	offspring (son or daughter)	lalaḳpi
2.44	brother	lḳaya
2.444	older brother	lapičaḳaʔ
2.445	younger brother	lanoḳ
2.45	sister	lḳaya
2.454	older sister	lapilte
2.455	younger sister	lanoʔo
2.456	sibling	lḳaya
2.458	twins	waǰaʔ
2.46	grandfather	lapiʔ
2.461	old man	yiʔaʁaiki
2.47	grandmother	lkote
2.471	old woman	yiʔaʁainaʔ
2.48	grandson	lawal
2.49	granddaughter	lawal
2.51	uncle	ntesḳoʔ
2.511	mother's brother	ntesḳoʔ
2.512	father's brother	ntesḳoʔ
2.52	aunt	lasodo
2.521	mother's sister	lasodo
2.522	father's sister	lasodo
2.53	nephew	lasošik
2.54	niece	lasoši
2.55	cousin	lḳaya
2.56	ancestors	ltaʔalpi
2.57	descendants	ɲaʁataʁa
2.61	father-in-law (of a man)	lačoʔ
2.611	father-in-law (of a woman)	lačoʔ
2.62	mother-in-law (of a man)	lačodo
2.621	mother-in-law (of a woman)	lačodo
2.63	son-in-law (of a man)	ladonaʁanek
2.631	son-in-law (of a woman)	ladonaʁanek
2.64	daughter-in-law (of a man)	late
2.641	daughter-in-law (of a woman)	late
2.71	stepfather	lʔaalekltaʔa
2.72	stepmother	lʔaalelateʔe
2.73	stepson	lʔaaleklʸalek
2.74	stepdaughter	lʔaalelʸale
2.75	orphan	saploḳ
2.75	orphan	saploʁo
2.76	widow	paʔai
2.77	widower	paʔaik
2.81	relatives, kinsmen	nʔak
2.81	relatives, kinsmen	lapačiǰaʁawa
2.82	family	lawoʔlʔek
2.82	family	lawoʔlaši
2.91	I	ayim
2.92	you (singular)	ʔam
2.93	he/she/it	maǰi
2.94	we	ḳomiʔ
2.94	we	ḳomi
2.95	you (plural)	ḳamiʔ
2.95	you (plural)	ḳami
2.96	they	maǰipi
3.11	animal	šigiyak
3.12	male (adj)	yale
3.13	female (adj)	ʔalo
3.15	livestock	lalo
3.16	pasture	ʔawaḳpi
3.18	herdsman	lʔo
3.19	stable, stall	lmaʔ
3.24	calf	alek
3.25	sheep	ḳageta
3.25	sheep	ḳaigeta
3.26	ram	ḳagetalwadaik
3.28	ewe	ḳagetaʔalo
3.29	lamb	ḳagetalalek
3.32	boar	yale
3.34	sow	ʔalo
3.35	pig	koslateʔe
3.36	goat	ketaḳ
3.37	he-goat	peenaḳ
3.38	kid	ketaḳlalek
3.42	stallion	lwadaik
3.45	foal, colt	alek
3.52	cock, rooster	ʔolgaʁa
3.54	hen	ʔolgaʁa
3.55	chicken	ʔolgaʁa
3.58	nest	lpataʔk
3.581	bird	ḳoyo
3.586	vulture	tegesan
3.591	bat	mikai
3.592	parrot	ʔeleʔ
3.594	dove	ḳotoʔ
3.61	dog	pioḳ
3.614	rabbit	danagišik
3.62	cat	miiča
3.622	opossum	ʔal
3.63	mouse, rat	čigoʁonaʁa
3.65	fish	nyaḳ
3.652	fin (dorsal)	llaʁaši
3.653	fishscale	lso
3.654	gill	lḳoste
3.655	shell	lʔok
3.664	stingray	lakataik
3.665	freshwater eel	amap
3.72	lion	sawaʁaik
3.74	fox	waʁayaʁa
3.75	deer	ɲiʔimši
3.76	monkey	woyim
3.77	elephant	lokolowe
3.811	louse	lalaʁat
3.812	nit (louse egg)	latoʁomata
3.813	flea	pioḳlalaʁat
3.815	scorpion	pelaḳtoik
3.815	scorpion	pelaḳtoit
3.817	ant	ḳagesaḳ
3.817	ant	ḳaigesaḳ
3.818	spider	palačiǰaʁa
3.819	spider web	lʔoʁonek
3.82	bee	teʔesaḳ
3.821	beeswax	piklapa
3.821	beeswax	lapadapik
3.822	beehive	wanaik
3.83	fly	lotaʁaɲi
3.831	sandfly (midge), gnat	čitole
3.832	mosquito	ʔayat
3.84	worm	ḳočiʔl
3.85	snake	nʔadaʁanaḳ
3.91	firefly	wačoʔo
3.92	butterfly	toʁotoḳ
3.93	grasshopper	šiikioʁoi
3.94	snail	našiyo
3.95	frog	miyo
3.96	lizard	malaʁaik
3.97	crocodile, alligator	daʔailʔok
3.98	turtle	potaʁanaʁat
4.11	body	lʔok
4.12	skin, hide	lʔok
4.13	flesh	lapat
4.14	hair (head)	lawe
4.142	beard	lḳaʔlawe
4.144	body hair	laso
4.145	pubic hair	namolawe
4.146	dandruff	lḳaiklapagaʁa
4.15	blood	ltagoʔḳ
4.151	vein, artery	lʔota
4.16	bone	lpiʔinek
4.162	rib	lčišit
4.17	horn	lkowe
4.18	tail	lʔadaʁašit
4.19	back	llaḳ
4.191	spine	llaḳlpiʔinek
4.2	head	lḳaik
4.201	side of head, temple	lḳaiklayi
4.202	skull	lḳaiklpiʔinek
4.203	brain	lapiʔoʁo
4.204	face	lašik
4.205	forehead	latap
4.207	jaw	lanok
4.208	cheek	lamelke
4.209	chin	lḳaʔ
4.21	eye	lʔaite
4.212	eyebrow	npelawe
4.213	eyelid	lʔailapoʔ
4.213	eyelid	lʔaitelḳaʔ
4.214	eyelash	llote
4.215	blink	nḳačigoʁoɲi
4.22	ear	ltela
4.221	earlobe	lteladaʔam
4.222	earwax	ltelalʸiʔiwaʁa
4.23	nose	lmik
4.231	nostril	lmiklawako
4.232	mucus (nasal)	nkopiʔ
4.24	mouth	alap
4.241	beak	našip
4.25	lip	našip
4.25	lip	alak
4.26	tongue	lačaʁat
4.27	tooth	lwe
4.271	gums	lwelapat
4.272	molartooth	lwelanogiši
4.28	neck	lḳosot
4.281	nape of neck	lanaʔḳ
4.29	throat	lḳoičiki
4.3	shoulder	lalʸak
4.302	collarbone	lataʁakilpiʔinek
4.31	arm	lwaḳ
4.312	armpit	lsaḳtaki
4.32	elbow	lḳote
4.321	wrist	lwaḳnkigaʁaki
4.33	hand	lwaḳ
4.33	hand	napokna
4.331	palm of hand	lwaḳlawel
4.34	finger	laʁaata
4.342	thumb	laʁaatalateʔe
4.344	fingernail	lnat
4.345	claw	nnat
4.35	leg	lči
4.351	thigh	ltelʔeta
4.351	thigh	lčilamo
4.352	calf of leg	lʸiʔači
4.36	knee	llʸikte
4.37	foot	lapiaʔ
4.371	ankle	nḳonakamo
4.372	heel	lʸiʔaʁa
4.374	footprint	lapiaʔlʸik
4.38	toe	lḳona
4.392	wing	lawa
4.393	feather	lawe
4.4	chest	ltoge
4.41	breast (of woman)	ltete
4.412	nipple, teat	ltetelḳaik
4.42	udder	ltete
4.43	navel	lkom
4.44	heart	lkiǰaḳte
4.441	lung	lačiʔ
4.45	liver	llamek
4.451	kidney	lčigiši
4.452	spleen	lpaḳ
4.46	stomach	daʔam
4.461	intestines, guts	lailšik
4.461	intestines, guts	lawellʔek
4.462	waist	lasot
4.463	hip	lʸiige
4.464	buttocks	nateʔ
4.47	womb	lkoʔoʁoki
4.49	testicle	lola
4.492	penis	nkoʔoweʔ
4.51	breathe, breath	lʔat
4.52	yawn, gape	datotak
4.521	hiccough	lmiaʔḳ
4.53	cough	dasoknata
4.53	cough	dasopnata
4.54	sneeze	nḳašin
4.55	perspire	nsoḳčigiɲi
4.56	spit	nḳaigoḳ
4.57	vomit	anol
4.58	bite	inak
4.59	lick	napilek
4.591	dribble	ɲittaɲi
4.61	sleep	doʔoči
4.612	snore	nḳolotak
4.62	dream	dečoʁon
4.63	wake up	nlowek
4.64	break wind	doɲi
4.65	urinate	lte
4.66	defecate	daʔataʁan
4.67	have sexual intercourse	awok
4.68	shiver	iwiloʁol
4.69	bathe	načil
4.71	beget (of father)	ikoʔon
4.72	born (to be)	ɲigiɲi
4.73	pregnant	walaʁai
4.74	live, living, life	nkaʔaleek
4.74	live, living, life	lkaʔalaʁaik
4.75	die, dead	lewaʁaik
4.751	drowned	ʔogaʁaik
4.76	kill	yalawat
4.77	corpse	lewaʁaik
4.78	bury (the dead)	ilaǰiɲi
4.79	grave, tomb	nwačiki
4.81	strong, mighty, powerful	ʔaɲaʁaik
4.82	weak	ḳomiaʁaik
4.83	well, health	noʔoita
4.84	sick, sickness	dalola
4.841	fever	lʔedaʁa
4.843	cold (catarrh)	napihna
4.85	wound, sore	lkolaʁa
4.852	bruise	lwetak
4.853	swelling	lalaači
4.854	itch	dešiki
4.855	blister	lčipaloʁo
4.856	boil (noun)	lweta
4.857	pus	lʸiʔi
4.858	scar	lkolaʁa
4.86	cure, heal	nataden
4.87	physician	natannaʁanaḳ
4.88	medicine, drug	lataʔ
4.89	poison	lewaʁat
4.91	tired, weary	nasamɲi
4.912	rest	nmataʁak
4.92	lazy	walaik
4.93	bald	kiʔitaik
4.94	lame	wayodaʁaik
4.95	deaf	sawaʔaḳa
4.97	blind	ḳanamaik
4.97	blind	sanawaaɲi
4.98	intoxicated	taʁaik
4.99	naked, bare	salwaik
4.99	naked, bare	wetawek
5.11	eat	dekeʔe
5.11	eat	čik
5.12	food	nalʸik
5.121	cooked	dato
5.122	raw	sadato
5.123	ripe	yi
5.123	ripe	yamoḳ
5.124	green, unripe	ladala
5.125	rotten	nčiga
5.13	drink	nyom
5.14	hunger	lḳowaʁa
5.141	famine	yoḳowat
5.15	thirst	lakip
5.16	suck	napigoḳ
5.16	suck	lʸip
5.18	chew	yoḳolʸišin
5.18	chew	yiʔikotak
5.181	swallow	iwoʁonaɲi
5.181	swallow	yoḳoḳootaɲi
5.19	choke	ikeno
5.19	choke	datapla
5.21	cook	dewoši
5.22	boil (vb)	načam
5.22	boil (vb)	demalʸi
5.22	boil (vb)	ɲiʔam
5.23	roast, fry	yawottak
5.23	roast, fry	yatoḳčitta
5.24	bake	nḳateltak
5.25	oven	lḳatelaʁanaʁaki
5.26	pot, cooking vessel	lataʁaki
5.27	kettle	na
5.31	dish	nkoiget
5.32	plate	koki
5.32	plate	n
5.33	bowl	n
5.34	pitcher, jug	n
5.35	cup, drinking vessel	nyomaʁaki
5.36	saucer	n
5.37	spoon	lemek
5.38	knife	lailonek
5.38	knife	lainonek
5.38	knife	lainek
5.39	fork	lʔadaʁanaḳte
5.391	tongs	lakonaʁanaʁat
5.41	meal (a)	lkiʔaʁak
5.46	peel	ikola
5.47	sieve, strain	napišin
5.48	scrape	ɲamadek
5.48	scrape	ɲašiwek
5.49	stir, mix	ilʸoʁot
5.49	stir, mix	nwiǰigi
5.51	bread	ḳayaʁadai
5.53	dough	lwigoʁošik
5.54	knead	iwigoḳ
5.55	meal, flour	lsoči
5.56	crush, grind	isok
5.57	mill	namaiknaʁanaʁaki
5.58	mortar	lʔadaʁanaʁaki
5.59	pestle	lʔadaʁanaʁat
5.61	meat	lapat
5.64	soup, broth	leltenek
5.65	vegetables	wowe
5.71	fruit	ala
5.712	bunch	ltaʁale
5.791	grease, fat	lčita
5.791	grease, fat	lpiyo
5.81	salt	towe
5.81	salt	ḳaʔɲiʔiwa
5.82	pepper	čimaʁadai
5.84	honey	dapik
5.86	milk (noun)	lčiʔ
5.87	milk (vb)	nlom
5.9	beverage, drink	nyomaʁat
5.91	mead	nḳaʔapaʁa
5.92	wine	lataʁa
5.97	egg	lkoʔoweʔ
5.971	egg yolk	lḳowioʁo
6.11	put on (clothes)	nsawat
6.11	put on (clothes)	napogoɲi
6.12	clothing, clothes	alogo
6.13	tailor	ntetaʁanaḳ
6.21	cloth	npotoǰik
6.22	wool	ḳaigetalawe
6.24	cotton	waloḳ
6.28	fur	lawe
6.29	leather	lʔok
6.31	spin	lʔan
6.32	spindle	lḳalehnaʁanaḳte
6.33	weave	ipaʁahɲi
6.34	loom	lʔoʁonaʁanaʁalaʔ
6.35	sew	ntet
6.35	sew	nčihɲi
6.36	needle	lḳana
6.37	awl	lḳana
6.38	thread	ltetaʁanaʁat
6.39	dye	ḳoʔile
6.39	dye	lḳoʔilaʁanaʁat
6.411	poncho	lapoʔ
6.42	woman's dress	lapoto
6.43	coat	n
6.44	shirt	llomaʁaki
6.45	collar	lomaʁakilḳosot
6.46	skirt	nsaatagi
6.48	trousers	lamaʁaso
6.49	stocking, sock	na
6.51	shoe	lapelaʔ
6.54	shoemaker, cobbler	pelaʔlʔo
6.55	hat, cap	nadoʔo
6.57	belt, girdle	nsaataʁaki
6.61	pocket	loʁoiki
6.62	button	legaʁašte
6.71	ornament, adornment	nʔotaʁat
6.71	ornament, adornment	lʸiʔoʁodaʁat
6.73	ring (for finger)	nčigišaḳte
6.74	bracelet	lwaʁašik
6.75	necklace	lḳola
6.76	bead	damegaʁaala
6.77	earring	lšite
6.78	headband, headdress	alaʁa
6.79	tattoo	nʔade
6.81	handkerchief, rag	nkopaḳlalek
6.82	towel	napilotaʁat
6.91	comb	ntagaḳte
6.92	brush	npiknaḳte
6.921	braid	namoge
6.93	razor	lpetegaʁanaʁat
6.94	ointment	lpiknaʁat
6.95	soap	lyoʁonaʁat
6.96	mirror	tannaʁai
7.11	dwell, live	nalek
7.11	dwell, live	netalek
7.12	house	noyik
7.13	hut	lʸiʔaʁaki
7.13	hut	lmaʔnawekaɲi
7.14	tent	lpeʔl
7.15	yard, court	lapiaḳaʔ
7.17	cookhouse	lwošaʁaki
7.18	meeting house	laponaʁaki
7.21	room	ldaḳaʔ
7.22	door, gate	lasom
7.221	doorpost, jamb	lasomlayi
7.231	latch, door-bolt	legaʁašit
7.24	key	lemaḳte
7.25	window	lalʸoʁoki
7.26	floor	lapiaḳaʔ
7.27	wall	napoʁonaʁat
7.37	ladder	napiaʁalaʔ
7.42	bed	lmalaʔ
7.421	pillow	nʔaʁanaʁat
7.422	blanket	lḳalehnek
7.43	chair	nsoʔonaʁaki
7.44	table	lkiʔaʁalaʔ
7.45	lamp, torch	lkoyadaʁanaḳte
7.46	candle	lkoyadaʁanaʁat
7.48	trough	nyomaʁaki
7.51	roof	llaḳ
7.51	roof	lapoʔ
7.52	thatch	ʔawaḳpi
7.53	ridgepole	llaʁašik
7.54	rafter	llʸikeʔte
7.55	beam	ʔipaḳ
7.56	post, pole	ʔipaḳ
7.57	board	ʔipaḳ
7.61	mason	losoklʔo
7.62	brick	losok
7.63	mortar	nʔamnaʁat
7.64	adobe	losoktokčigi
8.12	field (for cultivation)	lanaʁanḳaʔ
8.13	garden	lanaʁanḳaʔ
8.15	cultivate, till	iʔadot
8.17	ditch	lšidek
8.21	plow	nʔayišigem
8.21	plow	yaḳalagoʁohɲi
8.22	dig	nšiʔ
8.23	spade	šiteget
8.24	shovel	lšidaʁanaʁat
8.25	hoe	lmetaʁanaḳte
8.26	fork	lʔadaʁanaḳte
8.27	rake	lkelogaʁanaḳte
8.31	sow	yaaɲi
8.311	seed	ala
8.32	mow, reap	nḳat
8.34	thresh	nasola
8.41	crop, harvest	lḳataʁanaʁak
8.42	grain (barley, oats etc)	ala
8.47	maize, corn	ʔawaʁa
8.51	grass	ʔawaḳpi
8.53	plant (noun)	langišik
8.531	plant (vb)	yaaɲi
8.54	root	lpaʔaʔ
8.55	branch	lkowe
8.56	leaf	lawe
8.57	flower	lawoʁo
8.57	flower	lasowiaʁa
8.6	tree	ʔipaḳ
8.67	vine	nšiʔila
8.68	tobacco	lašiidek
8.69	smoke (tobacco)	yašiw
8.691	pipe	lašiidaʁanaʁaki
8.72	tree stump	lamo
8.73	tree trunk	lasot
8.74	forked branch	lkowe
8.75	bark	lso
8.76	sap	nate
8.81	palm tree	čaik
8.93	gourd	čimai
8.93	gourd	ʔapaʁa
8.93	gourd	ḳaʔapaʁa
8.931	pumpkin, squash	ltaɲi
8.931	pumpkin, squash	ʔaadai
8.931	pumpkin, squash	lalʸiyaʁai
8.94	bamboo	wataʁat
8.96	fish poison (root)	šipatoḳ
8.96	fish poison (root)	lpataik
8.97	nettle	wowepoḳo
8.98	mushroom	toʔolʸoʁoi
9.11	do, make	iʔot
9.12	work	doʔonataʁan
9.14	bend	namaḳčit
9.15	fold	yiʔaʁan
9.16	tie, bind	ikoɲiʔ
9.161	untie	isowek
9.19	rope, cord	laɲik
9.192	knot (noun)	lḳote
9.21	strike (hit, beat)	iwaʁan
9.211	pound with fist	yasaken
9.22	cut	ipelek
9.22	cut	yapiat
9.221	cut down	ikesoḳot
9.222	chop, hew	ikesoḳ
9.223	stab	iʔaǰigi
9.23	knife	lailonek
9.24	scissors, shears	nkedalegaʁat
9.25	ax	nḳačipe
9.26	break	inoʁon
9.261	broken	wakak
9.27	split	depoḳogi
9.28	tear	ikolaʁataʔage
9.29	flay, skin	ikola
9.31	rub, wipe	ipikteelek
9.32	stretch	nalogaʁat
9.33	pull	nawek
9.34	spread out	ipigiiɲi
9.341	hang up	ipegen
9.342	press	ipataḳ
9.343	squeeze, wring	nlom
9.35	pour	ikoʔ
9.36	wash	iyo
9.37	sweep	ikelok
9.38	broom	lkelogaʁanaḳte
9.422	tool	lʔonataʁanaʁat
9.43	carpenter	ʔipaḳlʔo
9.44	build	nʔoʁoošigem
9.46	bore	iwineek
9.461	hollow out	nšiǰigi
9.48	saw	nčigaʁanaʁat
9.49	hammer	nwaʁanaʁanaḳte
9.5	nail	legaʁašite
9.6	smith, blacksmith	lkatlʔo
9.62	anvil	lwaʁanaʁanaʁalaʔ
9.71	potter	ʔalwalʔo
9.73	clay	ʔalwa
9.74	glass	načawek
9.75	weave, plait	ipaʁat
9.76	basket	lpaḳta
9.77	mat	lakanek
9.78	netbag	lḳotaki
9.79	fan (noun)	našiidaḳte
9.79	fan (noun)	nasaw
9.791	fan (vb)	yašiidot
9.791	fan (vb)	yasawnoigi
9.83	statue	lʔenaḳtak
9.88	paint (noun)	ǰinek
9.89	paint (vb)	iʔameelek
10.11	move	nkigaʁat
10.11	move	idaʁan
10.12	turn over	ḳalagoʁoɲi
10.14	wind, wrap	yaʁatege
10.15	roll	inan
10.16	drop (vb)	yitaɲi
10.17	twist	iwinaʔt
10.21	rise	wenotšigem
10.22	raise, lift	yaašigem
10.23	fall	waɲi
10.24	drip	ɲittaɲi
10.25	throw	yasaḳ
10.252	catch (ball)	yakonget
10.26	shake	ičigoḳ
10.32	flow	ipaʁan
10.33	sink	iǰiiɲi
10.34	float	dalʸiki
10.35	swim	daloʁon
10.351	dive	womɲi
10.352	splash	nčikiišigem
10.37	fly (vb)	wayo
10.38	blow	iketeteek
10.41	creep, crawl	walek
10.41	creep, crawl	nḳapek
10.412	kneel	iʔadǰiɲinawallʸikte
10.413	crouch	nḳapek
10.42	slide, slip	desalwi
10.43	jump, leap	padenaʁan
10.431	kick	yasot
10.44	dance	dasot
10.45	walk	kewo
10.45	walk	petaɲi
10.451	limp	wayotta
10.46	run	nḳalgoḳ
10.46	run	čigaḳɲi
10.47	go	hek
10.471	go up	kišigem
10.471	go up	tašigem
10.472	climb	wišigem
10.473	go down	taɲi
10.474	go out	tawek
10.48	come	anak
10.481	come back	ɲiʔigelaḳ
10.49	go away, depart	tawek
10.491	disappear	pal
10.51	flee	datawek
10.51	flee	ʔet
10.52	follow	kaʔatege
10.53	pursue	ikan
10.55	reach, arrive	iwiʔ
10.55	reach, arrive	nwiʔ
10.56	approach	nkigewo
10.57	enter	inoʁonewo
10.57	enter	nnoʁonewo
10.61	carry (bear)	ido
10.61	carry (bear)	ndo
10.612	carry-in-hand	lasoḳtaʔa
10.613	carry-on-shoulder	nalʸagišin
10.614	carry-on-head	nḳaigišin
10.615	carry-underarm	nsaḳtakin
10.615	carry-underarm	nčišin
10.62	bring	ndo
10.63	send	yamaḳ
10.63	send	namaḳ
10.64	lead (vb)	nawek
10.65	drive	yamaikingi
10.66	ride	wonotšigem
10.67	push, shove	yamaḳ
10.67	push, shove	namaḳ
10.71	road	ḳaʔaik
10.72	path	lʸik
10.74	bridge	piaʁalaʔ
10.75	carriage, wagon, cart	nnaigona
10.75	carriage, wagon, cart	laigona
10.76	wheel	lasaʁanna
10.78	yoke	lačoʁonaʁalaʔ
10.83	boat	llʸikota
10.83	boat	npedaʁanaʁa
10.84	raft	lmalaʔ
10.84	raft	latok
10.85	oar	llʸoktaʁanaʁat
10.852	row (vb)	ilʸigot
10.852	row (vb)	ilʸogot
10.91	harbor, port	ɲigaʁasom
11.11	have	woʔo
11.12	own, possess	wetoʔot
11.13	take	yakona
11.14	seize, grasp	doʁonaʁan
11.15	hold	lasoḳtaʔa
11.16	get, obtain	nḳahɲi
11.17	keep, retain	lasoḳtega
11.21	give	yan
11.21	give	yaɲan
11.22	give back	yiʔigelaʁat
11.24	preserve, look after	iden
11.25	save, rescue	ikaʔalaʁateek
11.27	destroy	ilaʁačigi
11.28	harm, injure, damage	nʔaʁat
11.28	harm, injure, damage	nʔaʁan
11.28	harm, injure, damage	idan
11.31	seek, look for	ilotaike
11.31	seek, look for	nmitaike
11.32	find	yanata
11.33	lose	yaḳattak
11.34	release, let go	isowek
11.34	release, let go	yačaʁaneek
11.43	money	alom
11.44	coin	laikawa
11.51	rich	salʸaʁanek
11.52	poor	čoʁodaik
11.52	poor	čoʁodaḳ
11.53	beggar	šilaʁanaʁaik
11.54	avaricious, stingy	dašimata
11.61	lend	iʔaalaʁanaʁan
11.62	borrow	daʔaalaʁan
11.62	borrow	nʔawat
11.63	owe	dawigaḳtaʁan
11.64	debt	lawigaʁašite
11.65	pay (vb)	išiiten
11.77	hire	iʔonataʁanaʁan
11.78	wages	nšiwe
11.78	wages	nšiitenaḳte
11.79	earn	nawek
11.81	buy	nmen
11.82	sell	imen
11.83	trade, barter	nmenget
11.84	merchant	nmenaʁaik
11.85	market (place)	menḳaʔ
11.86	store, shop	menaʁanaʁaki
11.87	price	lašiwe
11.88	dear (costly, expensive)	ḳayoḳtewʔa
11.89	cheap	saḳayawʔa
11.91	share (distribute)	yaneek
11.91	share (distribute)	yanoigi
11.92	weigh	naloḳten
12.1	after	ḳome
12.11	place	woke
12.2	beside	wetaʔaget
12.2	beside	wetaʔasop
12.3	down, below	wetaɲa
12.4	before	datayaʔage
12.5	inside, in	wetaigi
12.5	inside, in	paʔaigi
12.6	outside	paʔawek
12.7	under	wetoʔot
12.8	up, above	wetašigem
12.8	up, above	paʔašigem
12.11	place	lmaʔ
12.12	put	yan
12.13	sit	nsoʔooɲi
12.14	lie down	nnaaɲi
12.15	stand	načahɲi
12.16	remain, stay	wetaiǰi
12.16	remain, stay	wetaiʔʔena
12.17	remains, left overs	lʸiʔiyoʁot
12.21	collect, gather	nato
12.21	collect, gather	lapon
12.21	collect, gather	layon
12.21	collect, gather	lamačit
12.212	pick up	načišigem
12.212	pick up	yaašigem
12.213	pile up	layoošigem
12.213	pile up	lapoošigem
12.22	join, unite	yawaʁayaʁanaʔt
12.23	separate	iyotaʁateek
12.232	divide	ikolaʁačigi
12.24	open	yawačigi
12.25	shut, close	yapogi
12.25	shut, close	yamaʁaʔt
12.26	cover	yapolek
12.26	cover	yawegelek
12.27	hide, conceal	yoʁohɲi
12.31	high	ḳoyoḳotčigemek
12.32	low	ḳoyoḳčigiɲa
12.33	top	lmilo
12.34	bottom	nateʔ
12.35	end	logaʔt
12.352	pointed	šitteget
12.353	edge	loige
12.36	side	layi
12.37	middle, center	laiɲi
12.41	right (side)	aloik
12.42	left (side)	nʔemaḳ
12.43	near (adv)	saḳayapke
12.44	far (adv)	ḳayoḳta
12.45	east	ʔi
12.45	east	naʔaʔḳ
12.46	west	awit
12.46	west	lʔaɲaʁa
12.47	north	dapigem
12.47	north	šiʔu
12.48	south	tagiɲi
12.48	south	lʔaɲaʁa
12.53	grow	nkik
12.53	grow	nkigišigem
12.54	measure	naloḳon
12.541	span, fathom	nalotalek
12.541	span, fathom	iwidalek
12.55	large, big	ʔamaḳtaḳ
12.56	small, little	kočoʔoɲik
12.56	small, little	lalek
12.57	long	alok
12.57	long	ḳalotege
12.58	tall	lokaik
12.58	tall	kedenaik
12.59	short	saḳalok
12.59	short	olek
12.61	wide, broad	ḳaločigiɲi
12.61	wide, broad	lkagiɲi
12.62	narrow	salkaʔage
12.65	thin (in dimension)	salkaʔage
12.67	deep	ḳayangi
12.67	deep	atap
12.68	shallow	saḳayangi
12.68	shallow	saḳatap
12.73	straight	iloteek
12.74	crooked	namaḳaik
12.75	hook	nkede
12.76	corner	lalʸimaḳwo
12.81	round	kolʸiičigi
12.82	circle	konɲigi
12.83	sphere, ball	n
12.84	line	lʔanaʁanaʁat
12.85	hole	lawak
12.92	like, similar	ʔenʔam
12.93	change	nkigaʁat
12.93	change	nḳočinaʁat
13.0	zero, nothing	ḳaika
13.0	zero, nothing	ḳaka
13.1	one	ole
13.2	two	ole
13.3	three	ole
13.107	count	naloḳten
13.14	every, all	ʔenawak
13.15	much, many	ḳalota
13.16	more	lya
13.16	more	layi
13.17	little (quantity), few	saḳʔamaḳtači
13.17	little (quantity), few	salamaiʔ
13.18	enough	nalotaɲi
13.18	enough	saḳowe
13.181	some	salamaiʔ
13.19	multitude, crowd	ḳalota
13.19	multitude, crowd	lapa
13.21	full	nlaḳčigi
13.22	empty	kiʔitčigi
13.23	part, piece	layi
13.24	half	laiɲi
13.33	alone, only	ndoteek
13.34	first	waʔawčigiɲi
13.35	last	paʔateek
13.36	second	nkaʔataʁanaʁaik
13.37	pair	naloʁowa
13.37	pair	lataʁawa
13.38	two times	da
13.44	three times	da
14.12	age	wiʔi
14.13	new	dalaʁaik
14.14	young	saʁanaʁayi
14.15	old	yi
14.16	early	nteʔeta
14.17	late	awit
14.18	now	nagi
14.19	immediately	nakta
14.19	immediately	salkopaʔa
14.21	swift, fast, quick	ʔelegedaik
14.21	swift, fast, quick	čaʁalek
14.22	slow	šišaʁaik
14.22	slow	lauaik
14.23	hasten, hurry	iyalapigiʔ
14.23	hasten, hurry	sailawaʔage
14.24	retard, delay	dašiši
14.25	begin, beginning	našigem
14.25	begin, beginning	kotda
14.252	last, endure	načiʔeetaiʔ
14.26	end (temporal)	logaʔt
14.26	end (temporal)	laloḳoʔ
14.27	finish	imat
14.27	finish	iwidaʁateek
14.28	cease, stop	yaʁaaɲi
14.28	cease, stop	inanget
14.28	cease, stop	wiʔiiget
14.29	ready	lwotta
14.31	always	načiʔeetaiʔ
14.32	often	kenaʁa
14.32	often	ḳalotada
14.33	sometimes	woʔoda
14.331	soon	saḳayaloḳ
14.331	soon	sanminaʁaik
14.332	long-time (for a)	saḳayaloḳta
14.332	long-time (for a)	yaloḳta
14.34	never	ḳaikada
14.34	never	sayawanada
14.35	again	ḳaltaḳ
14.41	day	naʔaʔḳ
14.42	night	pe
14.43	dawn	ǰiʔoʁoɲi
14.44	morning	nteʔeta
14.45	noon, midday	naʔaʔḳlaiɲi
14.451	afternoon	awit
14.46	evening	awitata
14.47	today	nanaʔaʔḳ
14.48	tomorrow	ḳoǰiʔoʁoɲi
14.481	day-after-tomorrow	ḳoǰiʔoʁoɲilya
14.49	yesterday	šikait
14.491	day-before-yesterday	šikaitlya
14.71	month	kaʔagoʁoik
14.73	year	wiʔi
14.74	winter	nʔomaʁa
14.74	winter	latomaʁa
14.75	spring	nawoʁo
14.76	summer	wiʔi
14.77	autumn	kotap
15.21	smell (vb intrans)	detaʁan
15.212	sniff	detaʁan
15.22	smell (vb trans)	ita
15.25	fragrant, good smelling	amanalaita
15.26	stinking, bad smelling	ḳawemnalaita
15.31	taste	yiʔigendalamaik
15.35	sweet	ama
15.36	salty	ɲiʔiwa
15.37	bitter	čim
15.38	acid, sour	ɲiʔiwa
15.41	hear	waʔaḳa
15.42	listen	nʔaʁayaʁan
15.44	sound, noise	llamaʁa
15.44	sound, noise	layak
15.44	sound, noise	llʸimiaʁa
15.45	loud	yakiaʁaik
15.45	loud	lʸimiaʁaik
15.46	quiet, silence	naǰatčigiɲi
15.46	quiet, silence	lʸaɲi
15.51	see	nawaačigiɲi
15.51	see	demehnaʁan
15.52	look, look at	ilotaʔa
15.52	look, look at	imeten
15.55	show	yačaʁan
15.56	shine	ʔettaigi
15.57	bright	ḳašilgaʁadaik
15.61	color	lʔokiaʁak
15.62	light (in color)	yapagaḳalek
15.63	dark (in color)	nawedalek
15.64	white	yapagaḳ
15.64	white	lapagaʁaik
15.65	black	naweʔ
15.65	black	laidaʁaik
15.66	red	tok
15.66	red	togaʁadaik
15.67	blue	imalaḳ
15.67	blue	malaʁadaik
15.68	green	dadala
15.69	yellow	yoḳowi
15.71	touch	ipot
15.71	touch	yašillek
15.712	pinch	isapla
15.72	feel	anoma
15.72	feel	iteetega
15.74	hard	daʔailek
15.74	hard	ḳadamta
15.75	soft	isot
15.75	soft	damčigi
15.76	rough	kesaḳ
15.77	smooth	salʸita
15.78	sharp	yita
15.78	sharp	lʸaʔ
15.79	blunt, dull	saḳyi
15.81	heavy	desalʸi
15.81	heavy	sapaʔatta
15.82	light (in weight)	sasalʸi
15.82	light (in weight)	nsatta
15.82	light (in weight)	wayoʁootak
15.83	wet, damp	yakit
15.83	wet, damp	dapapi
15.84	dry	daḳaḳa
15.84	dry	ʔim
15.85	hot	dapaḳa
15.85	hot	napaʁayaɲi
15.851	warm	dapaḳtaiʔ
15.86	cold	atom
15.87	clean	kiʔit
15.87	clean	yoḳowita
15.88	dirty, soiled	nšipaʁan
15.89	wrinkled	iwigaʁaʔt
16.11	soul, spirit	lkiʔi
16.15	surprised, astonished	iʔelaḳpigiʔ
16.23	joyful, glad, happy	nton
16.23	joyful, glad, happy	mačigiɲi
16.25	laugh	laši
16.25	laugh	dayalgiyi
16.251	smile	ḳopittaiʔ
16.26	play	daʔaši
16.26	play	dayaki
16.26	play	nkišiši
16.27	love	lsoʁoǰik
16.27	love	yawotek
16.29	kiss	napigoḳ
16.3	embrace	nsoʁowo
16.3	embrace	nḳapaleʔ
16.31	pain	iwet
16.31	pain	dayalʸi
16.31	pain	nkiʔik
16.32	grief, sorrow, sadness	dakiko
16.32	grief, sorrow, sadness	saḳamapigiʔ
16.33	anxiety, worry	dačitata
16.33	anxiety, worry	lačitataik
16.34	regret, be sorry	ntowen
16.34	regret, be sorry	ntogottak
16.35	pity	ičoʁoden
16.37	cry, weep	noyin
16.38	tear (noun)	lačiʔ
16.39	groan	desoḳo
16.41	hate	nkiya
16.42	anger	deno
16.42	anger	dalemata
16.44	envy, jealousy	ipaʔagen
16.45	shame (noun)	lkoʁo
16.45	shame (noun)	lʔaloʁo
16.48	proud	ɲiʔoʁonnaʁaik
16.48	proud	nʔamḳahnaʁaik
16.51	dare	sayadenalek
16.52	brave	ḳadamčigilawel
16.53	fear, fright	lkolanaʁa
16.53	fear, fright	ɲiʔi
16.54	danger	lčik
16.62	desire, want	iǰaḳ
16.62	desire, want	yawotaike
16.62	desire, want	nšitaike
16.622	choose	lkaʔa
16.63	hope	nakitaʔa
16.63	hope	nakitaʁak
16.65	faithful	ipakčigidalʔaḳtak
16.66	true	ʔeesa
16.67	lie, tell lies	našipegaʁan
16.68	deceit	latenataʁanaʁak
16.69	forgive	ičoʁoden
16.71	good	noʔon
16.72	bad	ḳawem
16.72	bad	sayayamaʁaɲi
16.73	right, correct	yataḳta
16.73	right, correct	yayamaḳčigiɲi
16.74	wrong	sayataḳ
16.76	fault	lasowaʁašit
16.77	mistake, error	ilamaḳwek
16.77	mistake, error	sanatenget
16.78	blame	nmaʁa
16.79	praise	lʸiʔoʁonnataʁanaʁak
16.81	beautiful	ʔonaʁaik
16.82	ugly	legemaʁaik
16.82	ugly	lʔaʁaik
16.83	greedy	ḳowkaik
16.84	clever	sanḳalaat
17.11	mind	lwennataʁa
17.13	think (= reflect)	dowennataʁan
17.14	think (= be of the opinion)	ipetaʔa
17.15	believe	iʔamaḳten
17.16	understand	nlogi
17.17	know	yayaten
17.171	guess	ipetaʔa
17.172	imitate	iʔenaʁat
17.18	seem	ʔikeʔ
17.19	idea, notion	lwennataʁa
17.21	wise	yahnaʁanaʁaik
17.22	foolish, stupid	sanayamaʁatapek
17.23	insane, crazy	alaʁaik
17.23	insane, crazy	woʔodaaloik
17.24	learn	napaʁagen
17.242	study	napaʁagen
17.25	teach	yapaʁagen
17.26	pupil	lapaʁagenatak
17.27	teacher	napaʁagenataʁanaḳ
17.28	school	napaʁagenaʁaki
17.31	remember	ntownek
17.31	remember	tagilawel
17.32	forget	ikowaʔai
17.32	forget	santownek
17.34	clear, plain	wosotege
17.34	clear, plain	ǰiʔoḳtege
17.35	obscure	saǰiʔoḳ
17.36	secret	saḳčaʔa
17.37	sure, certain	ʔeesa
17.38	explain	iʔaʁatta
17.41	intention, purpose	lwennataʁa
17.41	intention, purpose	ʔeetapegek
17.42	cause	iʔotek
17.42	cause	naḳʔen
17.43	doubt	yoḳolget
17.44	suspect	ipetaʔa
17.441	betray	nmen
17.45	need, necessity	iwen
17.46	easy	lwottelek
17.47	difficult	alaḳ
17.48	try, attempt	npogoʁowen
17.49	way, manner	nʔonatagek
17.51	and	ḳataḳ
17.52	because	čaʔaǰi
17.53	if	da
17.54	or	ḳalḳoʔ
17.54	or	woʔotaḳ
17.55	yes, affirmative	ahaʔ
17.56	no, negative	ʔaʔi
17.56	no, negative	sa
17.56	no, negative	saḳ
17.61	how?	'ʔeetek
17.62	how many?	lkata
17.63	how much?	lšiktewʔa
17.64	what?	'negeʔt
17.65	when?	lagi
17.66	where?	'waʔage
17.67	which?	'negeʔt
17.68	who?	'negeʔt
17.69	why?	'taʔainek
18.11	voice	lawilʸaʁak
18.12	sing	iʔon
18.13	shout, cry out	iʔalaḳ
18.17	whistle	ǰiʔoʁon
18.18	shriek, screech	dakiki
18.19	howl	dalako
18.21	speak, talk	daʔaḳtaʁan
18.211	stutter, stammer	nʔaprapegeknalʔaḳtaḳa
18.22	say	iʔaʁat
18.222	speech (make a)	daʔaḳtaʁan
18.23	silent (be)	yiʔimaḳta
18.24	language	nawalʔaḳtaḳa
18.26	word	lʔaḳtak
18.28	name	lʔenaʁat
18.31	ask (question, inquire)	inat
18.32	answer	yasat
18.33	admit, confess	nsolaʔt
18.34	deny	nḳolgeteʔ
18.35	ask, request	yašila
18.36	promise	yačaʁanapek
18.37	refuse	dekeǰoḳtak
18.38	forbid	sayašin
18.39	rebuke, scold	nlaʁa
18.41	call (=summon)	iyaʁana
18.42	call (=name)	ilon
18.43	announce	iʔaʁateek
18.43	announce	talaʁan
18.44	threaten	yadeetalek
18.45	boast	napagaḳčin
18.51	write	yiǰiɲi
18.51	write	dedaʁan
18.52	read	itaʁayaʁan
18.57	pen	ledaʁanaʁat
18.61	book	lede
18.71	flute	lašiide
18.72	drum	lḳataki
18.72	drum	lwaʁana
18.73	horn, trumpet	lašiide
18.74	rattle	ltegete
19.11	country	lmaʔ
19.11	country	nʔalwa
19.12	one's native country	laɲoḳoʔ
19.17	boundary	logaʔt
19.17	boundary	loige
19.21	people (populace)	šiyaʁawapi
19.21	people (populace)	šigaʁawapi
19.23	tribe, clan	lawoʔ
19.24	chief, chieftain	lataʁalaʔ
19.24	chief, chieftain	laši
19.25	staff, walking stick	lašilte
19.31	rule, govern	damaʁasoʁonapek
19.32	king, ruler	ltaʔa
19.33	queen	lateʔe
19.41	master	nʔakoʔ
19.42	slave	llatak
19.43	servant	lamaʁašik
19.44	freeman	sanlatak
19.45	command, order	yamaḳ
19.45	command, order	namaḳ
19.46	obey	yalaḳ
19.47	let, permit	yašin
19.51	friend, companion	lasagiǰaʁawa
19.51	friend, companion	nnaigaʁawa
19.52	enemy	npaʔagenaʁawa
19.54	neighbor	lawodewa
19.55	stranger	ɲičigaḳawek
19.56	guest	namaʁasoʁoik
19.57	host	namaʁasoʁolaʔ
19.58	help, aid	itawan
19.59	hinder, prevent	naʁateget
19.61	custom	nʔonataʁak
19.62	strife, quarrel	nkotaʁak
19.65	meet	natenget
19.72	prostitute	kišigetaʁai
20.11	fight (vb)	nwaʁaneʔ
20.13	war, battle	laataḳ
20.14	peace	llagaʁaǰik
20.15	army	nalʸippi
20.17	soldier	nale
20.17	soldier	wataʁanaḳlʔek
20.21	weapons, arms	lʔogoʁonaʁatpi
20.22	club	npon
20.23	sling	lčiknaʁanaʁat
20.23	sling	lpoknaʁanaʁat
20.24	bow	lčiknek
20.25	arrow	lwik
20.25	arrow	nčipaḳ
20.25	arrow	lčikna
20.26	spear	latakiaʁai
20.27	sword	npaǰin
20.27	sword	lailonek
20.28	gun, cannon	lʔogoʁonaḳte
20.31	armor (defensive)	lpaḳtaʁanaʁatpi
20.33	helmet	nadoʔo
20.34	shield	lpaḳtaʁanaḳte
20.35	fortress	lʸiʔigenaʁaki
20.36	tower	lawe
20.41	victory	lawegaʁanaʁak
20.42	defeat	loʁonaʁanaʁak
20.42	defeat	noʁonagek
20.43	attack	ito
20.44	defend	npaʁattalek
20.44	defend	iwehlek
20.45	retreat	ʔet
20.45	retreat	ḳoši
20.46	surrender	naɲan
20.47	captive, prisoner	loʁonek
20.471	guard, sentinel	wataʁanaḳ
20.48	booty, spoils	lwotaʁanaʁat
20.49	ambush	nawaatak
20.51	fisherman	yiʔakoʁoik
20.52	fishhook	lḳoina
20.53	fishing line	ɲiʔaʁanaʁat
20.54	fishnet	lalegek
20.54	fishnet	lasagoʁonaʁat
20.55	fish trap	našigilʸaʁai
20.56	bait	nanoʁo
20.61	hunt	neʔepe
20.61	hunt	domači
20.62	shoot	yayin
20.63	miss (target)	yapot
20.64	trap (noun)	lḳoina
20.65	trap (vb)	nḳowin
21.11	law	lamaʁasoʁonaʁak
21.31	accuse	nmaʁa
21.35	guilty	wasoilek
21.36	innocent	ḳaikakalasowaʁašit
21.37	penalty, punishment	nwaʁanagek
21.39	prison, jail	lkoɲitaʁanaʁaki
21.42	murder	lalaataʁanaʁak
21.42	murder	nalaatagek
21.44	rape	lkataʁanaʁak
21.44	rape	nkatagek
21.51	steal	dekači
21.52	thief	kačaʁaik
